apeye,1.4.1,pip install apeye,2023-08-14,2023,0.0.2,2020-08-23,2020,https://pypi.org/project/apeye/,https://apeye.readthedocs.io/en/latest/
bitstring,4.1.0,pip install bitstring,2023-08-17,2023,0.3.2,2009-03-13,2009,https://pypi.org/project/bitstring/,https://bitstring.readthedocs.io/en/stable/
datacompy,0.10.3,pip install datacompy,2023-08-15,2023,0.5.0,2018-03-28,2018,https://pypi.org/project/datacompy/,https://capitalone.github.io/datacompy/
emoji,2.8.0,pip install emoji,2023-08-16,2023,0.0.1,2014-08-18,2014,https://pypi.org/project/emoji/,https://carpedm20.github.io/emoji/docs/index.html
chardet,5.2.0,pip install chardet,2023-08-01,2023,1,2006-12-23,2006,https://pypi.org/project/chardet/,https://chardet.readthedocs.io/en/latest/index.html
click,8.1.7,pip install click,2023-08-17,2023,0.1,2014-04-21,2014,https://pypi.org/project/click/,https://click.palletsprojects.com/en/8.1.x/
category-encoders,2.6.2,pip install category-encoders,2023-08-15,2023,1.0.0,2016-02-24,2016,https://pypi.org/project/category-encoders/,https://contrib.scikit-learn.org/category_encoders/
bokeh,3.2.2,pip install bokeh,2023-08-14,2023,0.2,2013-10-23,2013,https://pypi.org/project/bokeh/,https://docs.bokeh.org/en/latest/
scipy,1.11.2,pip install scipy,2023-08-17,2023,0.4.4,2006-01-09,2006,https://pypi.org/project/scipy/,https://docs.scipy.org/doc/scipy/
xarray,2023.8.0,pip install xarray,2023-08-20,2023,0.7.0,2016-01-22,2016,https://pypi.org/project/xarray/,https://docs.xarray.dev/en/stable/
gymnasium,0.29.1,pip install gymnasium,2023-08-21,2023,0.0.1,2021-11-05,2021,https://pypi.org/project/gymnasium/,https://gymnasium.farama.org/
datasets,2.14.4,pip install datasets,2023-08-08,2023,0.0.9,2015-08-18,2015,https://pypi.org/project/datasets/,https://huggingface.co/docs/datasets/index
hypothesis,6.82.6,pip install hypothesis,2023-08-20,2023,0.0.1,2013-03-10,2013,https://pypi.org/project/hypothesis/,https://hypothesis.readthedocs.io/en/latest/
ibis-framework,6.1.0,pip install ibis-framework,2023-08-03,2023,0.3.0,2015-07-20,2015,https://pypi.org/project/ibis-framework/,https://ibis-project.org/
json-tricks,3.17.3,pip install json-tricks,2023-08-19,2023,1,2015-11-07,2015,https://pypi.org/project/json-tricks/,https://json-tricks.readthedocs.io/en/latest/
pytorch-lightning,2.0.7,pip install pytorch-lightning,2023-08-16,2023,0.0.2,2019-03-31,2019,https://pypi.org/project/pytorch-lightning/,https://lightning.ai/docs/pytorch/latest/
rapidfuzz,3.2.0,pip install rapidfuzz,2023-08-02,2023,0.0.6,2020-03-18,2020,https://pypi.org/project/rapidfuzz/,https://maxbachmann.github.io/RapidFuzz/index.html
mlflow,2.6.0,pip install mlflow,2023-08-15,2023,0.0.1,2018-06-04,2018,https://pypi.org/project/mlflow/,https://mlflow.org/docs/latest/index.html
more-itertools,10.1.0,pip install more-itertools,2023-08-03,2023,1,2012-04-26,2012,https://pypi.org/project/more-itertools/,https://more-itertools.readthedocs.io/en/stable/index.html
optuna,3.3.0,pip install optuna,2023-08-07,2023,0.0.1,2018-10-19,2018,https://pypi.org/project/optuna/,https://optuna.readthedocs.io/en/stable/
plotly,5.16.1,pip install plotly,2023-08-16,2023,0.2,2013-06-12,2013,https://pypi.org/project/plotly/,https://plotly.com/python/
polars,0.18.15,pip install polars,2023-08-15,2023,0.0.1,2021-03-15,2021,https://pypi.org/project/polars/,https://pola-rs.github.io/polars/py-polars/html/reference/index.html
Pygments,2.16.1,pip install Pygments,2023-08-06,2023,0.5,2006-10-30,2006,https://pypi.org/project/Pygments/,https://pygments.org/docs/
pypdf,3.15.2,pip install pypdf,2023-08-20,2023,1,2006-01-18,2006,https://pypi.org/project/pypdf/,https://pypdf.readthedocs.io/en/latest/
holidays,0.3,pip install holidays,2023-08-07,2023,0.1,2014-08-28,2014,https://pypi.org/project/holidays/,https://python-holidays.readthedocs.io/en/latest/
jsonschema,4.19.0,pip install jsonschema,2023-08-07,2023,0.1a,2012-01-02,2012,https://pypi.org/project/jsonschema/,https://python-jsonschema.readthedocs.io/en/stable/
validators,0.21.2,pip install validators,2023-08-11,2023,0.1.0,2013-10-17,2013,https://pypi.org/project/validators/,https://python-validators.github.io/validators/
rich,13.5.2,pip install rich,2023-08-01,2023,0.1.0,2019-11-10,2019,https://pypi.org/project/rich/,https://rich.readthedocs.io/en/latest/
spacy,3.6.1,pip install spacy,2023-08-08,2023,0.3,2015-01-25,2015,https://pypi.org/project/spacy/,https://spacy.io/
stumpy,1.12.0,pip install stumpy,2023-08-21,2023,0.1,2019-05-04,2019,https://pypi.org/project/stumpy/,https://stumpy.readthedocs.io/en/latest/#
tox,4.9.0,pip install tox,2023-08-16,2023,0.0.0,2018-10-07,2018,https://pypi.org/project/tox/,https://tox.wiki/en/4.11.1/
tqdm,4.66.1,pip install tqdm,2023-08-10,2023,1,2013-10-26,2013,https://pypi.org/project/tqdm/,https://tqdm.github.io/
pymc,5.7.2,pip install pymc,2023-08-09,2023,2,2009-01-05,2009,https://pypi.org/project/pymc/,https://www.pymc.io/projects/docs/en/stable/learn.html
SQLAlchemy,2.0.20,pip install SQLAlchemy,2023-08-15,2023,0.1.0,2006-02-14,2006,https://pypi.org/project/SQLAlchemy/,https://www.sqlalchemy.org/
tornado,6.3.3,pip install tornado,2023-08-11,2023,0.2,2010-05-18,2010,https://pypi.org/project/tornado/,https://www.tornadoweb.org/en/stable/index.html
name,version,install_command,release_date,release_year,old_version,old_release_date,old_release_year,url,
Sphinx,7.2.2,pip install Sphinx,2023-08-17,2023,0.1.61611,2008-03-21,2008,https://pypi.org/project/Sphinx/,
argon2-cffi,23.1.0,pip install argon2-cffi,2023-08-15,2023,15.0.0b5,2015-12-10,2015,https://pypi.org/project/argon2-cffi/,
astropy,5.3.2,pip install astropy,2023-08-15,2023,0.1,2012-06-19,2012,https://pypi.org/project/astropy/,
async-timeout,4.0.3,pip install async-timeout,2023-08-10,2023,1.0.0,2016-09-08,2016,https://pypi.org/project/async-timeout/,
blosc2,2.2.6,pip install blosc2,2023-08-01,2023,0.1.1,2021-05-10,2021,https://pypi.org/project/blosc2/,
cmake,3.27.2,pip install cmake,2023-08-12,2023,0.1.0,2016-11-09,2016,https://pypi.org/project/cmake/,
cryptography,41.0.3,pip install cryptography,2023-08-01,2023,0.1,2014-01-08,2014,https://pypi.org/project/cryptography/,
dask,2023.8.1,pip install dask,2023-08-18,2023,0.2.0,2015-01-29,2015,https://pypi.org/project/dask/,
cvxopt,1.3.2,pip install cvxopt,2023-08-09,2023,1.1.6,2014-02-21,2014,https://pypi.org/project/cvxopt/,
debugpy,1.6.7.post1,pip install debugpy,2023-08-08,2023,1.0.0b1,2020-01-29,2020,https://pypi.org/project/debugpy/,
distributed,2023.8.1,pip install distributed,2023-08-18,2023,1.0.0,2015-10-07,2015,https://pypi.org/project/distributed/,
earthengine-api,0.1.364,pip install earthengine-api,2023-08-16,2023,0.0.3,2013-01-02,2013,https://pypi.org/project/earthengine-api/,
exceptiongroup,1.1.3,pip install exceptiongroup,2023-08-14,2023,0.0.0a0,2020-11-04,2020,https://pypi.org/project/exceptiongroup/,
flax,0.7.2,pip install flax,2023-08-09,2023,0.1.0rc1,2020-03-17,2020,https://pypi.org/project/flax/,
fonttools,4.42.1,pip install fonttools,2023-08-20,2023,1,2003-01-03,2003,https://pypi.org/project/fonttools/,
google-api-python-client,2.97.0,pip install google-api-python-client,2023-08-15,2023,1.0beta5prerelease,2011-10-17,2011,https://pypi.org/project/google-api-python-client/,
google-cloud-datastore,2.17.0,pip install google-cloud-datastore,2023-08-09,2023,0.0.1,2016-08-15,2016,https://pypi.org/project/google-cloud-datastore/,
google-cloud-functions,1.13.2,pip install google-cloud-functions,2023-08-03,2023,0.4.0,2020-10-02,2020,https://pypi.org/project/google-cloud-functions/,
google-cloud-language,2.11.0,pip install google-cloud-language,2023-08-14,2023,0.0.1,2016-08-18,2016,https://pypi.org/project/google-cloud-language/,
google-cloud-translate,3.12.0,pip install google-cloud-translate,2023-08-08,2023,0.0.1,2016-09-20,2016,https://pypi.org/project/google-cloud-translate/,
google-cloud-bigquery-connection,1.13.1,pip install google-cloud-bigquery-connection,2023-08-03,2023,0.1.0,2020-05-26,2020,https://pypi.org/project/google-cloud-bigquery-connection/,
grpcio,1.57.0,pip install grpcio,2023-08-10,2023,0.3.0,2015-02-26,2015,https://pypi.org/project/grpcio/,
holoviews,1.17.1,pip install holoviews,2023-08-16,2023,1.0.0,2015-03-17,2015,https://pypi.org/project/holoviews/,
grpcio-status,1.57.0,pip install grpcio-status,2023-08-10,2023,1.16.0,2018-12-11,2018,https://pypi.org/project/grpcio-status/,
humanize,4.8.0,pip install humanize,2023-08-16,2023,0.1,2011-10-12,2011,https://pypi.org/project/humanize/,
importlib-resources,6.0.1,pip install importlib-resources,2023-08-07,2023,0.1.0,2017-12-07,2017,https://pypi.org/project/importlib-resources/,
ipykernel,6.25.1,pip install ipykernel,2023-08-07,2023,4.0.0.dev,2015-07-02,2015,https://pypi.org/project/ipykernel/,
ipywidgets,8.1.0,pip install ipywidgets,2023-08-01,2023,0.0.0,2015-04-30,2015,https://pypi.org/project/ipywidgets/,
jsonpickle,3.0.2,pip install jsonpickle,2023-08-13,2023,0.0.1,2008-03-20,2008,https://pypi.org/project/jsonpickle/,
joblib,1.3.2,pip install joblib,2023-08-09,2023,0.3.2d.dev,2009-09-01,2009,https://pypi.org/project/joblib/,
jupyter-server,2.7.2,pip install jupyter-server,2023-08-18,2023,0.0.0,2016-09-20,2016,https://pypi.org/project/jupyter-server/,
librosa,0.10.1,pip install librosa,2023-08-16,2023,0.2.0,2013-12-14,2013,https://pypi.org/project/librosa/,
nbconvert,7.7.4,pip install nbconvert,2023-08-16,2023,0.0.0,2015-04-21,2015,https://pypi.org/project/nbconvert/,
notebook,7.0.2,pip install notebook,2023-08-04,2023,0.0.0,2015-04-21,2015,https://pypi.org/project/notebook/,
numexpr,2.8.5,pip install numexpr,2023-08-06,2023,1.1.1,2009-01-23,2009,https://pypi.org/project/numexpr/,
opencv-python,4.8.0.76,pip install opencv-python,2023-08-09,2023,3.1.0,2016-09-03,2016,https://pypi.org/project/opencv-python/,
opencv-contrib-python,4.8.0.76,pip install opencv-contrib-python,2023-08-09,2023,3.1.0.0,2017-04-08,2017,https://pypi.org/project/opencv-contrib-python/,
opencv-python-headless,4.8.0.76,pip install opencv-python-headless,2023-08-09,2023,3.4.2.16,2018-07-21,2018,https://pypi.org/project/opencv-python-headless/,
pip-tools,7.3.0,pip install pip-tools,2023-08-08,2023,0.1,2012-09-26,2012,https://pypi.org/project/pip-tools/,
portpicker,1.6.0,pip install portpicker,2023-08-15,2023,1.0.0,2015-03-21,2015,https://pypi.org/project/portpicker/,
protobuf,4.24.1,pip install protobuf,2023-08-18,2023,2.0.0beta,2008-07-10,2008,https://pypi.org/project/protobuf/,
psycopg2,2.9.7,pip install psycopg2,2023-08-05,2023,2.0.2,2006-06-12,2006,https://pypi.org/project/psycopg2/,
pycocotools,2.0.7,pip install pycocotools,2023-08-14,2023,2.0.0,2018-03-11,2018,https://pypi.org/project/pycocotools/,
pydantic,2.2.1,pip install pydantic,2023-08-18,2023,0.0.1,2017-05-03,2017,https://pypi.org/project/pydantic/,
pydata-google-auth,1.8.2,pip install pydata-google-auth,2023-08-01,2023,0.1.0,2018-10-23,2018,https://pypi.org/project/pydata-google-auth/,
pygame,2.5.1,pip install pygame,2023-08-14,2023,1.7.1,2005-08-16,2005,https://pypi.org/project/pygame/,
pyviz-comms,3.0.0,pip install pyviz-comms,2023-08-16,2023,0.1.0,2018-05-22,2018,https://pypi.org/project/pyviz-comms/,
pyzmq,25.1.1,pip install pyzmq,2023-08-10,2023,2.0.7,2010-08-29,2010,https://pypi.org/project/pyzmq/,
regex,2023.8.8,pip install regex,2023-08-08,2023,2013-02-16,2013-02-16,2013,https://pypi.org/project/regex/,
setuptools,68.1.2,pip install setuptools,2023-08-18,2023,0.6b1,2006-05-13,2006,https://pypi.org/project/setuptools/,
soxr,0.3.6,pip install soxr,2023-08-15,2023,0.0.2,2021-05-09,2021,https://pypi.org/project/soxr/,
sphinxcontrib-applehelp,1.0.7,pip install sphinxcontrib-applehelp,2023-08-14,2023,1.0.0,2019-02-05,2019,https://pypi.org/project/sphinxcontrib-applehelp/,
sphinxcontrib-devhelp,1.0.5,pip install sphinxcontrib-devhelp,2023-08-14,2023,1.0.0,2019-01-19,2019,https://pypi.org/project/sphinxcontrib-devhelp/,
sphinxcontrib-htmlhelp,2.0.4,pip install sphinxcontrib-htmlhelp,2023-08-14,2023,1.0.0,2019-02-14,2019,https://pypi.org/project/sphinxcontrib-htmlhelp/,
sphinxcontrib-qthelp,1.0.6,pip install sphinxcontrib-qthelp,2023-08-14,2023,1.0.0,2019-01-17,2019,https://pypi.org/project/sphinxcontrib-qthelp/,
sphinxcontrib-serializinghtml,1.1.9,pip install sphinxcontrib-serializinghtml,2023-08-20,2023,1.0.0,2019-02-17,2019,https://pypi.org/project/sphinxcontrib-serializinghtml/,
tenacity,8.2.3,pip install tenacity,2023-08-14,2023,0.0.1.dev101,2016-08-11,2016,https://pypi.org/project/tenacity/,
tensorboard,2.14.0,pip install tensorboard,2023-08-08,2023,1.0.0a0,2017-02-25,2017,https://pypi.org/project/tensorboard/,
tensorflow-io-gcs-filesystem,0.33.0,pip install tensorflow-io-gcs-filesystem,2023-08-02,2023,0.18.0,2021-05-14,2021,https://pypi.org/project/tensorflow-io-gcs-filesystem/,
tensorflow-probability,0.21.0,pip install tensorflow-probability,2023-08-04,2023,0.0.1,2018-03-10,2018,https://pypi.org/project/tensorflow-probability/,
tensorstore,0.1.41,pip install tensorstore,2023-08-09,2023,0.1.0,2020-04-03,2020,https://pypi.org/project/tensorstore/,
thinc,8.2.0,pip install thinc,2023-08-11,2023,1,2014-10-02,2014,https://pypi.org/project/thinc/,
tensorflow-metadata,1.14.0,pip install tensorflow-metadata,2023-08-09,2023,0.5.0,2018-03-06,2018,https://pypi.org/project/tensorflow-metadata/,
tifffile,2023.8.12,pip install tifffile,2023-08-13,2023,0.1.0,2014-10-11,2014,https://pypi.org/project/tifffile/,
types-setuptools,68.1.0.0,pip install types-setuptools,2023-08-16,2023,57.0.0,2021-06-21,2021,https://pypi.org/project/types-setuptools/,
wheel,0.41.1,pip install wheel,2023-08-05,2023,0.1,2012-07-01,2012,https://pypi.org/project/wheel/,
Werkzeug,2.3.7,pip install Werkzeug,2023-08-14,2023,0.1,2007-12-09,2007,https://pypi.org/project/Werkzeug/,
yfinance,0.2.28,pip install yfinance,2023-08-13,2023,0.1.36,2019-05-26,2019,https://pypi.org/project/yfinance/,
Cartopy,0.22.0,pip install Cartopy,2023-08-05,2023,0.11.0,2014-06-25,2014,https://pypi.org/project/Cartopy/,
TPOT,0.12.1,pip install TPOT,2023-08-15,2023,0.1.1,2015-11-13,2015,https://pypi.org/project/TPOT/,
aiobotocore,2.6.0,pip install aiobotocore,2023-08-11,2023,0.0.2,2016-02-14,2016,https://pypi.org/project/aiobotocore/,
aiofiles,23.2.1,pip install aiofiles,2023-08-09,2023,0.2,2016-02-24,2016,https://pypi.org/project/aiofiles/,
alembic,1.11.3,pip install alembic,2023-08-16,2023,0.1.0dev,2011-11-29,2011,https://pypi.org/project/alembic/,
botocore,1.31.30,pip install botocore,2023-08-18,2023,0.4.1,2012-12-21,2012,https://pypi.org/project/botocore/,
boto3,1.28.30,pip install boto3,2023-08-18,2023,0.0.1,2014-11-11,2014,https://pypi.org/project/boto3/,
datashader,0.15.2,pip install datashader,2023-08-17,2023,0.1.0,2016-03-17,2016,https://pypi.org/project/datashader/,
comm,0.1.4,pip install comm,2023-08-02,2023,0.0.1,2020-11-02,2020,https://pypi.org/project/comm/,
fastapi,0.101.1,pip install fastapi,2023-08-14,2023,0.1.0,2018-12-08,2018,https://pypi.org/project/fastapi/,
fitter,1.6.0,pip install fitter,2023-08-08,2023,0.1.0,2014-08-18,2014,https://pypi.org/project/fitter/,
google-cloud-aiplatform,1.31.0,pip install google-cloud-aiplatform,2023-08-21,2023,0.3.0,2020-11-09,2020,https://pypi.org/project/google-cloud-aiplatform/,
google-cloud-bigtable,2.21.0,pip install google-cloud-bigtable,2023-08-09,2023,0.0.1,2016-08-15,2016,https://pypi.org/project/google-cloud-bigtable/,
google-cloud-artifact-registry,1.8.3,pip install google-cloud-artifact-registry,2023-08-03,2023,0.1.0,2021-03-16,2021,https://pypi.org/project/google-cloud-artifact-registry/,
google-cloud-pubsub,2.18.3,pip install google-cloud-pubsub,2023-08-18,2023,0.0.1,2016-08-15,2016,https://pypi.org/project/google-cloud-pubsub/,
google-cloud-resource-manager,1.10.3,pip install google-cloud-resource-manager,2023-08-03,2023,0.0.1,2016-09-19,2016,https://pypi.org/project/google-cloud-resource-manager/,
google-cloud-spanner,3.40.1,pip install google-cloud-spanner,2023-08-17,2023,0.23.0,2017-02-14,2017,https://pypi.org/project/google-cloud-spanner/,
hdfs,2.7.2,pip install hdfs,2023-08-09,2023,0.0.1,2014-03-10,2014,https://pypi.org/project/hdfs/,
imagecodecs,2023.8.12,pip install imagecodecs,2023-08-13,2023,2018.10.10,2018-10-11,2018,https://pypi.org/project/imagecodecs/,
jupyterlab,4.0.5,pip install jupyterlab,2023-08-13,2023,0.0.1,2015-12-15,2015,https://pypi.org/project/jupyterlab/,
kfp-server-api,2.0.1,pip install kfp-server-api,2023-08-17,2023,0.1.18.1,2019-04-24,2019,https://pypi.org/project/kfp-server-api/,
jupyterlab-git,0.42.0,pip install jupyterlab-git,2023-08-10,2023,0.1.1,2018-07-30,2018,https://pypi.org/project/jupyterlab-git/,
kornia,0.7.0,pip install kornia,2023-08-02,2023,0.1.3.post2,2019-05-24,2019,https://pypi.org/project/kornia/,
line-profiler,4.1.0,pip install line-profiler,2023-08-17,2023,1.0b1,2009-01-21,2009,https://pypi.org/project/line-profiler/,
mne,1.5.0,pip install mne,2023-08-15,2023,0.1,2011-09-23,2011,https://pypi.org/project/mne/,
orjson,3.9.5,pip install orjson,2023-08-16,2023,1.0.0,2018-11-23,2018,https://pypi.org/project/orjson/,
overrides,7.4.0,pip install overrides,2023-08-06,2023,0.1,2015-05-23,2015,https://pypi.org/project/overrides/,
ortools,9.7.2996,pip install ortools,2023-08-09,2023,1.3069,2014-01-04,2014,https://pypi.org/project/ortools/,
pydicom,2.4.3,pip install pydicom,2023-08-15,2023,0.9.1,2008-10-11,2008,https://pypi.org/project/pydicom/,
pygltflib,1.16.0,pip install pygltflib,2023-08-08,2023,0.2,2018-10-26,2018,https://pypi.org/project/pygltflib/,
pysal,23.7,pip install pysal,2023-08-01,2023,1.4.1,2013-01-24,2013,https://pypi.org/project/pysal/,
ray,2.6.3,pip install ray,2023-08-15,2023,0.1.1,2017-06-03,2017,https://pypi.org/project/ray/,
ray-cpp,2.6.3,pip install ray-cpp,2023-08-15,2023,1.6.0,2021-08-31,2021,https://pypi.org/project/ray-cpp/,
responses,0.23.3,pip install responses,2023-08-01,2023,0.1.0,2013-11-25,2013,https://pypi.org/project/responses/,
s3transfer,0.6.2,pip install s3transfer,2023-08-15,2023,0.0.1,2016-01-18,2016,https://pypi.org/project/s3transfer/,
sentry-sdk,1.29.2,pip install sentry-sdk,2023-08-01,2023,0.1.0rc1,2018-07-26,2018,https://pypi.org/project/sentry-sdk/,
sqlglot,17.14.2,pip install sqlglot,2023-08-15,2023,0.1.0,2021-03-18,2021,https://pypi.org/project/sqlglot/,
tensorboardX,2.6.2.2,pip install tensorboardX,2023-08-20,2023,0.6.9,2017-08-23,2017,https://pypi.org/project/tensorboardX/,
tensorflow-io,0.33.0,pip install tensorflow-io,2023-08-02,2023,0.3.0,2019-02-16,2019,https://pypi.org/project/tensorflow-io/,
tensorflow-transform,1.14.0,pip install tensorflow-transform,2023-08-11,2023,0.1.0,2017-02-17,2017,https://pypi.org/project/tensorflow-transform/,
timm,0.9.5,pip install timm,2023-08-03,2023,0.1.1,2019-06-21,2019,https://pypi.org/project/timm/,
torchmetrics,1.0.3,pip install torchmetrics,2023-08-08,2023,0.2.0,2021-03-12,2021,https://pypi.org/project/torchmetrics/,
typeguard,4.1.2,pip install typeguard,2023-08-17,2023,1.0.0,2015-12-29,2015,https://pypi.org/project/typeguard/,
virtualenv,20.24.3,pip install virtualenv,2023-08-11,2023,0.8,2007-09-14,2007,https://pypi.org/project/virtualenv/,
wandb,0.15.8,pip install wandb,2023-08-01,2023,0.1.0,2017-03-24,2017,https://pypi.org/project/wandb/,
Django,4.2.4,pip install Django,2023-08-01,2023,1.0.1,2010-05-17,2010,https://pypi.org/project/Django/,
azure-core,1.29.2,pip install azure-core,2023-08-14,2023,1.0.0b1,2019-06-27,2019,https://pypi.org/project/azure-core/,
bce-python-sdk,0.8.90,pip install bce-python-sdk,2023-08-18,2023,0.8.4,2015-07-06,2015,https://pypi.org/project/bce-python-sdk/,
django-debug-toolbar,4.2.0,pip install django-debug-toolbar,2023-08-11,2023,0.7.0,2009-04-02,2009,https://pypi.org/project/django-debug-toolbar/,
duplicity,2.0.2,pip install duplicity,2023-08-15,2023,0.8.11.1566,2020-02-01,2020,https://pypi.org/project/duplicity/,
label-studio,1.8.1,pip install label-studio,2023-08-02,2023,0.4.0rc1,2020-01-09,2020,https://pypi.org/project/label-studio/,
launchdarkly-server-sdk,8.1.5,pip install launchdarkly-server-sdk,2023-08-15,2023,6.9.2,2019-05-02,2019,https://pypi.org/project/launchdarkly-server-sdk/,
paddleocr,2.7.0.2,pip install paddleocr,2023-08-10,2023,0.0.1.1,2020-08-22,2020,https://pypi.org/project/paddleocr/,
psycopg2-binary,2.9.7,pip install psycopg2-binary,2023-08-05,2023,2.7.3.2,2018-01-29,2018,https://pypi.org/project/psycopg2-binary/,
redis,5.0.0,pip install redis,2023-08-15,2023,0.6.0,2009-11-26,2009,https://pypi.org/project/redis/,
basemap,1.3.8,pip install basemap,2023-08-18,2023,0.9.2,2006-09-05,2006,https://pypi.org/project/basemap/,
cookiecutter,2.3.0,pip install cookiecutter,2023-08-03,2023,0.1,2013-07-14,2013,https://pypi.org/project/cookiecutter/,
coverage,7.3.0,pip install coverage,2023-08-12,2023,2.5,2005-12-06,2005,https://pypi.org/project/coverage/,
dnspython,2.4.2,pip install dnspython,2023-08-09,2023,1.0.0,2003-06-30,2003,https://pypi.org/project/dnspython/,
glue-core,1.13.1,pip install glue-core,2023-08-17,2023,0.10.1,2017-03-16,2017,https://pypi.org/project/glue-core/,
mypy,1.5.1,pip install mypy,2023-08-16,2023,0.1,2009-09-08,2009,https://pypi.org/project/mypy/,
pomegranate,1.0.2,pip install pomegranate,2023-08-15,2023,0.0.1,2014-11-24,2014,https://pypi.org/project/pomegranate/,
petl,1.7.13,pip install petl,2023-08-16,2023,0.2,2011-12-01,2011,https://pypi.org/project/petl/,
Protego,0.3.0,pip install Protego,2023-08-09,2023,0.1.dev0,2019-07-18,2019,https://pypi.org/project/Protego/,
PyHive,0.7.0,pip install PyHive,2023-08-17,2023,0.1.0,2014-03-29,2014,https://pypi.org/project/PyHive/,
pytest-doctestplus,1.0.0,pip install pytest-doctestplus,2023-08-11,2023,0.1.0,2017-10-10,2017,https://pypi.org/project/pytest-doctestplus/,
python-engineio,4.6.0,pip install python-engineio,2023-08-21,2023,0.1.0,2015-06-21,2015,https://pypi.org/project/python-engineio/,
Scrapy,2.10.0,pip install Scrapy,2023-08-04,2023,0.7,2010-01-20,2010,https://pypi.org/project/Scrapy/,
sh,2.0.6,pip install sh,2023-08-10,2023,0.01,2012-03-23,2012,https://pypi.org/project/sh/,
sip,6.7.11,pip install sip,2023-08-02,2023,4.18,2016-04-13,2016,https://pypi.org/project/sip/,
stripe,6.0.0,pip install stripe,2023-08-16,2023,1.5.0,2011-10-29,2011,https://pypi.org/project/stripe/,
traits,6.4.2,pip install traits,2023-08-07,2023,4.0.0,2011-06-21,2011,https://pypi.org/project/traits/,
w3lib,2.1.2,pip install w3lib,2023-08-03,2023,1,2011-04-16,2011,https://pypi.org/project/w3lib/,
CairoSVG,2.7.1,pip install CairoSVG,2023-08-05,2023,0.1,2011-12-13,2011,https://pypi.org/project/CairoSVG/,
awscli,1.29.30,pip install awscli,2023-08-18,2023,0.4.1,2012-12-21,2012,https://pypi.org/project/awscli/,
sagemaker,2.178.0,pip install sagemaker,2023-08-17,2023,1.0.0,2017-11-30,2017,https://pypi.org/project/sagemaker/,
azure-identity,1.14.0,pip install azure-identity,2023-08-09,2023,1.0.0b1,2019-06-28,2019,https://pypi.org/project/azure-identity/,
awswrangler,3.3.0,pip install awswrangler,2023-08-01,2023,0.0b0,2019-02-28,2019,https://pypi.org/project/awswrangler/,
poetry-core,1.7.0,pip install poetry-core,2023-08-20,2023,1.0.0a0,2020-02-07,2020,https://pypi.org/project/poetry-core/,
grpcio-tools,1.57.0,pip install grpcio-tools,2023-08-10,2023,0.14.0,2016-05-10,2016,https://pypi.org/project/grpcio-tools/,
cfn-lint,0.79.7,pip install cfn-lint,2023-08-14,2023,0.0.5,2018-04-17,2018,https://pypi.org/project/cfn-lint/,
trove-classifiers,2023.8.7,pip install trove-classifiers,2023-08-07,2023,2020.4.1,2020-04-03,2020,https://pypi.org/project/trove-classifiers/,
poetry,1.6.0,pip install poetry,2023-08-20,2023,0.1.0,2018-02-28,2018,https://pypi.org/project/poetry/,
shellingham,1.5.3,pip install shellingham,2023-08-17,2023,1.0.0.dev0,2018-06-14,2018,https://pypi.org/project/shellingham/,
google-cloud-secret-manager,2.16.3,pip install google-cloud-secret-manager,2023-08-03,2023,0.1.0,2019-12-20,2019,https://pypi.org/project/google-cloud-secret-manager/,
apache-airflow,2.7.0,pip install apache-airflow,2023-08-18,2023,1.8.1,2017-05-09,2017,https://pypi.org/project/apache-airflow/,
gremlinpython,3.7.0,pip install gremlinpython,2023-08-04,2023,3.2.2rc1,2016-09-11,2016,https://pypi.org/project/gremlinpython/,
aws-sam-translator,1.73.0,pip install aws-sam-translator,2023-08-10,2023,1.5.1,2018-04-18,2018,https://pypi.org/project/aws-sam-translator/,
PyGithub,1.59.1,pip install PyGithub,2023-08-03,2023,0.0.0,2017-04-02,2017,https://pypi.org/project/PyGithub/,
selenium,4.11.2,pip install selenium,2023-08-01,2023,0.9.2,2008-04-25,2008,https://pypi.org/project/selenium/,
pipenv,2023.8.20,pip install pipenv,2023-08-20,2023,0.1.0,2017-01-20,2017,https://pypi.org/project/pipenv/,
cfgv,3.4.0,pip install cfgv,2023-08-12,2023,0.0.1,2018-02-07,2018,https://pypi.org/project/cfgv/,
azure-mgmt-storage,21.1.0,pip install azure-mgmt-storage,2023-08-21,2023,0.20.0rc1,2015-08-24,2015,https://pypi.org/project/azure-mgmt-storage/,
Faker,19.3.0,pip install Faker,2023-08-07,2023,0.0.2,2010-12-23,2010,https://pypi.org/project/Faker/,
azure-eventhub,5.11.4,pip install azure-eventhub,2023-08-08,2023,0.2.0b1,2018-04-20,2018,https://pypi.org/project/azure-eventhub/,
azure-cosmos,4.5.0,pip install azure-cosmos,2023-08-09,2023,3.0.0,2018-09-21,2018,https://pypi.org/project/azure-cosmos/,
checkov,2.4.4,pip install checkov,2023-08-20,2023,0.0.0,2020-11-30,2020,https://pypi.org/project/checkov/,
databricks-sql-connector,2.9.2,pip install databricks-sql-connector,2023-08-18,2023,0.9.0,2021-08-05,2021,https://pypi.org/project/databricks-sql-connector/,
tb-nightly,2.15.0a20230820,pip install tb-nightly,2023-08-20,2023,0.4.0a0,2017-10-07,2017,https://pypi.org/project/tb-nightly/,
cog,0.8.6,pip install cog,2023-08-07,2023,0.0.3,2021-06-16,2021,https://pypi.org/project/cog/,
mypy-boto3-rds,1.28.19,pip install mypy-boto3-rds,2023-08-04,2023,0.1.6,2019-11-09,2019,https://pypi.org/project/mypy-boto3-rds/,
boto3-stubs,1.28.30,pip install boto3-stubs,2023-08-18,2023,0.1.8,2019-11-10,2019,https://pypi.org/project/boto3-stubs/,
botocore-stubs,1.31.30,pip install botocore-stubs,2023-08-18,2023,1.20.90.post1,2021-06-09,2021,https://pypi.org/project/botocore-stubs/,
azure-cli,2.51.0,pip install azure-cli,2023-08-01,2023,0.1.0b4,2016-09-20,2016,https://pypi.org/project/azure-cli/,
readme-renderer,41,pip install readme-renderer,2023-08-18,2023,0.7.0,2016-01-04,2016,https://pypi.org/project/readme-renderer/,
azure-mgmt-containerservice,26.0.0,pip install azure-mgmt-containerservice,2023-08-21,2023,1.0.0,2017-08-08,2017,https://pypi.org/project/azure-mgmt-containerservice/,
APScheduler,3.10.4,pip install APScheduler,2023-08-19,2023,1,2009-08-01,2009,https://pypi.org/project/APScheduler/,
azure-cli-core,2.51.0,pip install azure-cli-core,2023-08-01,2023,0.1.0b4,2016-09-20,2016,https://pypi.org/project/azure-cli-core/,
ddtrace,1.18.0,pip install ddtrace,2023-08-11,2023,0.5.3,2017-01-23,2017,https://pypi.org/project/ddtrace/,
ansible,8.3.0,pip install ansible,2023-08-15,2023,1,2013-02-04,2013,https://pypi.org/project/ansible/,
mypy-boto3-appflow,1.28.16,pip install mypy-boto3-appflow,2023-08-01,2023,1.14.52.1,2020-08-31,2020,https://pypi.org/project/mypy-boto3-appflow/,
fabric,3.2.1,pip install fabric,2023-08-06,2023,0.0.1,2008-01-12,2008,https://pypi.org/project/fabric/,
phonenumbers,8.13.18,pip install phonenumbers,2023-08-04,2023,3.3a1,2011-05-04,2011,https://pypi.org/project/phonenumbers/,
spark-nlp,5.0.2,pip install spark-nlp,2023-08-02,2023,1.6.2,2018-09-07,2018,https://pypi.org/project/spark-nlp/,
Cerberus,1.3.5,pip install Cerberus,2023-08-09,2023,0.0.1,2012-10-16,2012,https://pypi.org/project/Cerberus/,
pyTelegramBotAPI,4.13.0,pip install pyTelegramBotAPI,2023-08-20,2023,0.1,2015-06-26,2015,https://pypi.org/project/pyTelegramBotAPI/,
pyproject-api,1.5.4,pip install pyproject-api,2023-08-17,2023,0.1.0,2021-10-25,2021,https://pypi.org/project/pyproject-api/,
gradio,3.40.1,pip install gradio,2023-08-11,2023,0.1.0,2019-02-19,2019,https://pypi.org/project/gradio/,
cdk-nag,2.27.107,pip install cdk-nag,2023-08-21,2023,0.0.0,2021-07-20,2021,https://pypi.org/project/cdk-nag/,
mypy-boto3-s3,1.28.27,pip install mypy-boto3-s3,2023-08-16,2023,0.1.2,2019-11-08,2019,https://pypi.org/project/mypy-boto3-s3/,
bitarray,2.8.1,pip install bitarray,2023-08-07,2023,0.1.0,2008-08-16,2008,https://pypi.org/project/bitarray/,
azure-cli-telemetry,1.1.0,pip install azure-cli-telemetry,2023-08-01,2023,1.0.0,2018-08-14,2018,https://pypi.org/project/azure-cli-telemetry/,
mashumaro,3.9,pip install mashumaro,2023-08-02,2023,0.1,2018-09-11,2018,https://pypi.org/project/mashumaro/,
google-cloud-kms,2.19.1,pip install google-cloud-kms,2023-08-03,2023,0.1.0,2018-07-20,2018,https://pypi.org/project/google-cloud-kms/,
types-pytz,2023.3.0.1,pip install types-pytz,2023-08-13,2023,0.1.0,2021-02-02,2021,https://pypi.org/project/types-pytz/,
apache-airflow-providers-amazon,8.5.1,pip install apache-airflow-providers-amazon,2023-08-14,2023,1.0.0b1,2020-11-09,2020,https://pypi.org/project/apache-airflow-providers-amazon/,
grpcio-health-checking,1.57.0,pip install grpcio-health-checking,2023-08-10,2023,1.0.0rc1,2016-07-19,2016,https://pypi.org/project/grpcio-health-checking/,
mlflow-skinny,2.6.0,pip install mlflow-skinny,2023-08-15,2023,1.14.0,2021-02-20,2021,https://pypi.org/project/mlflow-skinny/,
oldest-supported-numpy,2023.8.3,pip install oldest-supported-numpy,2023-08-03,2023,0.1,2019-11-26,2019,https://pypi.org/project/oldest-supported-numpy/,
grpcio-reflection,1.57.0,pip install grpcio-reflection,2023-08-10,2023,1.1.0.dev0,2017-01-12,2017,https://pypi.org/project/grpcio-reflection/,
mypy-boto3-redshift-data,1.28.16,pip install mypy-boto3-redshift-data,2023-08-01,2023,1.14.59.1,2020-09-11,2020,https://pypi.org/project/mypy-boto3-redshift-data/,
azure-mgmt-redhatopenshift,1.3.0,pip install azure-mgmt-redhatopenshift,2023-08-21,2023,0.1.0,2020-03-30,2020,https://pypi.org/project/azure-mgmt-redhatopenshift/,
google-cloud-dataproc,5.4.3,pip install google-cloud-dataproc,2023-08-03,2023,0.1.0,2018-01-22,2018,https://pypi.org/project/google-cloud-dataproc/,
apache-airflow-providers-sqlite,3.4.3,pip install apache-airflow-providers-sqlite,2023-08-01,2023,1.0.0b1,2020-11-09,2020,https://pypi.org/project/apache-airflow-providers-sqlite/,
apache-airflow-providers-imap,3.3.0,pip install apache-airflow-providers-imap,2023-08-08,2023,1.0.0b1,2020-11-09,2020,https://pypi.org/project/apache-airflow-providers-imap/,
ansible-core,2.15.3,pip install ansible-core,2023-08-14,2023,0.0.1a1,2020-10-27,2020,https://pypi.org/project/ansible-core/,
apache-airflow-providers-ftp,3.5.0,pip install apache-airflow-providers-ftp,2023-08-08,2023,1.0.0b1,2020-11-09,2020,https://pypi.org/project/apache-airflow-providers-ftp/,
looker-sdk,23.14.1,pip install looker-sdk,2023-08-16,2023,0.1.3b1,2019-09-24,2019,https://pypi.org/project/looker-sdk/,
google-cloud-datacatalog,3.15.0,pip install google-cloud-datacatalog,2023-08-09,2023,0.1.0,2019-04-15,2019,https://pypi.org/project/google-cloud-datacatalog/,
apache-airflow-providers-databricks,4.3.3,pip install apache-airflow-providers-databricks,2023-08-14,2023,1.0.0b1,2020-11-09,2020,https://pypi.org/project/apache-airflow-providers-databricks/,
types-redis,4.6.0.4,pip install types-redis,2023-08-16,2023,0.1.0,2021-02-02,2021,https://pypi.org/project/types-redis/,
google-cloud-container,2.30.0,pip install google-cloud-container,2023-08-16,2023,0.1.0,2017-12-14,2017,https://pypi.org/project/google-cloud-container/,
google-cloud-tasks,2.14.1,pip install google-cloud-tasks,2023-08-03,2023,0.1.0,2018-05-21,2018,https://pypi.org/project/google-cloud-tasks/,
newrelic,8.10.1,pip install newrelic,2023-08-17,2023,0.5.47.103,2011-10-14,2011,https://pypi.org/project/newrelic/,
types-protobuf,4.24.0.1,pip install types-protobuf,2023-08-13,2023,0.1.0,2021-02-02,2021,https://pypi.org/project/types-protobuf/,
apache-airflow-providers-google,10.6.0,pip install apache-airflow-providers-google,2023-08-10,2023,1.0.0b1,2020-11-09,2020,https://pypi.org/project/apache-airflow-providers-google/,
google-ads,21.3.0,pip install google-ads,2023-08-10,2023,0.1.0,2018-08-03,2018,https://pypi.org/project/google-ads/,
google-cloud-build,3.20.0,pip install google-cloud-build,2023-08-09,2023,0.1.0,2019-11-07,2019,https://pypi.org/project/google-cloud-build/,
apache-airflow-providers-snowflake,4.4.2,pip install apache-airflow-providers-snowflake,2023-08-14,2023,1.0.0b1,2020-11-09,2020,https://pypi.org/project/apache-airflow-providers-snowflake/,
foundationdb,7.3.15,pip install foundationdb,2023-08-15,2023,5.1.5,2018-04-28,2018,https://pypi.org/project/foundationdb/,
dynaconf,3.2.1,pip install dynaconf,2023-08-11,2023,0.1.0,2015-08-14,2015,https://pypi.org/project/dynaconf/,
apache-airflow-providers-cncf-kubernetes,7.4.2,pip install apache-airflow-providers-cncf-kubernetes,2023-08-14,2023,1.0.0b1,2020-11-09,2020,https://pypi.org/project/apache-airflow-providers-cncf-kubernetes/,
dash,2.12.1,pip install dash,2023-08-16,2023,0.0.0,2015-08-18,2015,https://pypi.org/project/dash/,
google-cloud-bigquery-datatransfer,3.12.0,pip install google-cloud-bigquery-datatransfer,2023-08-01,2023,0.1.0,2017-12-15,2017,https://pypi.org/project/google-cloud-bigquery-datatransfer/,
fakeredis,2.18.0,pip install fakeredis,2023-08-14,2023,0.1,2012-03-14,2012,https://pypi.org/project/fakeredis/,
jaraco.functools,3.8.1,pip install jaraco.functools,2023-08-06,2023,1,2015-02-01,2015,https://pypi.org/project/jaraco.functools/,
aws-lambda-powertools,2.23.0,pip install aws-lambda-powertools,2023-08-18,2023,0.1.0,2019-11-16,2019,https://pypi.org/project/aws-lambda-powertools/,
jsii,1.87.0,pip install jsii,2023-08-11,2023,0.8.0,2019-03-24,2019,https://pypi.org/project/jsii/,
fake-useragent,1.2.1,pip install fake-useragent,2023-08-02,2023,0.0.1,2013-03-04,2013,https://pypi.org/project/fake-useragent/,
google-cloud-compute,1.14.0,pip install google-cloud-compute,2023-08-09,2023,0.1.0,2021-01-08,2021,https://pypi.org/project/google-cloud-compute/,
acryl-datahub,0.10.5.5,pip install acryl-datahub,2023-08-04,2023,0.0.2,2021-04-02,2021,https://pypi.org/project/acryl-datahub/,
flower,2.0.1,pip install flower,2023-08-13,2023,0.1.0,2012-07-09,2012,https://pypi.org/project/flower/,
psycopg,3.1.10,pip install psycopg,2023-08-05,2023,1.1.21,2006-01-11,2006,https://pypi.org/project/psycopg/,
mkdocs,1.5.2,pip install mkdocs,2023-08-02,2023,0.1,2014-01-11,2014,https://pypi.org/project/mkdocs/,
atlassian-python-api,3.41.0,pip install atlassian-python-api,2023-08-16,2023,0.11.5,2015-03-27,2015,https://pypi.org/project/atlassian-python-api/,
facebook-business,17.0.4,pip install facebook-business,2023-08-15,2023,2.12.1,2018-04-28,2018,https://pypi.org/project/facebook-business/,
tableauhyperapi,0.0.17537,pip install tableauhyperapi,2023-08-02,2023,0.0.9746,2020-01-29,2020,https://pypi.org/project/tableauhyperapi/,
riot,0.19.0,pip install riot,2023-08-09,2023,0.1.0,2020-07-07,2020,https://pypi.org/project/riot/,
azureml-dataprep,4.12.1,pip install azureml-dataprep,2023-08-18,2023,0.1.0,2018-09-20,2018,https://pypi.org/project/azureml-dataprep/,
google-cloud-workflows,1.11.0,pip install google-cloud-workflows,2023-08-16,2023,0.1.0,2020-09-24,2020,https://pypi.org/project/google-cloud-workflows/,
Telethon,1.29.3,pip install Telethon,2023-08-18,2023,0.5.0.2,2016-09-18,2016,https://pypi.org/project/Telethon/,
rdflib,7.0.0,pip install rdflib,2023-08-01,2023,1.1.1,2002-11-11,2002,https://pypi.org/project/rdflib/,
apache-airflow-providers-slack,7.3.2,pip install apache-airflow-providers-slack,2023-08-01,2023,1.0.0b1,2020-11-09,2020,https://pypi.org/project/apache-airflow-providers-slack/,
sqlalchemy-bigquery,1.8.0,pip install sqlalchemy-bigquery,2023-08-15,2023,0.0.1dev,2015-03-30,2015,https://pypi.org/project/sqlalchemy-bigquery/,
immutables,0.2,pip install immutables,2023-08-14,2023,0.1,2018-03-30,2018,https://pypi.org/project/immutables/,
pyinstaller-hooks-contrib,2023.7,pip install pyinstaller-hooks-contrib,2023-08-18,2023,0.0.0,2020-04-12,2020,https://pypi.org/project/pyinstaller-hooks-contrib/,
djangorestframework-simplejwt,5.3.0,pip install djangorestframework-simplejwt,2023-08-21,2023,1,2017-05-09,2017,https://pypi.org/project/djangorestframework-simplejwt/,
xformers,0.0.21,pip install xformers,2023-08-18,2023,0.0.1,2021-10-19,2021,https://pypi.org/project/xformers/,
minio,7.1.16,pip install minio,2023-08-17,2023,0.2.1,2015-07-17,2015,https://pypi.org/project/minio/,
pipdeptree,2.13.0,pip install pipdeptree,2023-08-14,2023,0.1,2014-02-05,2014,https://pypi.org/project/pipdeptree/,
cloud-sql-python-connector,1.4.1,pip install cloud-sql-python-connector,2023-08-18,2023,0.1.0,2021-05-04,2021,https://pypi.org/project/cloud-sql-python-connector/,
google-cloud-dataplex,1.6.2,pip install google-cloud-dataplex,2023-08-09,2023,0.1.0,2022-01-29,2022,https://pypi.org/project/google-cloud-dataplex/,
mypy-boto3-dynamodb,1.28.27,pip install mypy-boto3-dynamodb,2023-08-16,2023,0.1.6,2019-11-09,2019,https://pypi.org/project/mypy-boto3-dynamodb/,
apache-airflow-providers-postgres,5.6.0,pip install apache-airflow-providers-postgres,2023-08-01,2023,1.0.0b1,2020-11-09,2020,https://pypi.org/project/apache-airflow-providers-postgres/,
click-default-group,1.2.4,pip install click-default-group,2023-08-04,2023,1,2015-11-30,2015,https://pypi.org/project/click-default-group/,
aioboto3,11.3.0,pip install aioboto3,2023-08-19,2023,1.0.0,2017-09-27,2017,https://pypi.org/project/aioboto3/,
playwright,1.37.0,pip install playwright,2023-08-14,2023,1.9.0,2021-02-24,2021,https://pypi.org/project/playwright/,
zeroconf,0.80.0,pip install zeroconf,2023-08-15,2023,0.14,2014-07-08,2014,https://pypi.org/project/zeroconf/,
azureml-dataprep-rslex,2.19.1,pip install azureml-dataprep-rslex,2023-08-12,2023,1.0.1,2020-09-15,2020,https://pypi.org/project/azureml-dataprep-rslex/,
django-timezone-field,6,pip install django-timezone-field,2023-08-21,2023,0.3.1,2012-12-20,2012,https://pypi.org/project/django-timezone-field/,
yeelight,0.7.13,pip install yeelight,2023-08-06,2023,0.0.1,2016-11-12,2016,https://pypi.org/project/yeelight/,
c7n,0.9.30,pip install c7n,2023-08-15,2023,0.8.2,2016-04-17,2016,https://pypi.org/project/c7n/,
psycopg-binary,3.1.10,pip install psycopg-binary,2023-08-05,2023,3.0b1,2021-08-30,2021,https://pypi.org/project/psycopg-binary/,
pandas-stubs,2.0.3.230814,pip install pandas-stubs,2023-08-14,2023,1.0.4.2,2021-01-08,2021,https://pypi.org/project/pandas-stubs/,
apache-airflow-providers-mysql,5.2.1,pip install apache-airflow-providers-mysql,2023-08-08,2023,1.0.0b1,2020-11-09,2020,https://pypi.org/project/apache-airflow-providers-mysql/,
locust,2.16.1,pip install locust,2023-08-05,2023,1,2020-05-16,2020,https://pypi.org/project/locust/,
zigpy,0.56.4,pip install zigpy,2023-08-03,2023,0.0.1,2018-02-05,2018,https://pypi.org/project/zigpy/,
mediapipe,0.10.3,pip install mediapipe,2023-08-01,2023,0.7.10,2020-08-28,2020,https://pypi.org/project/mediapipe/,
dj-database-url,2.1.0,pip install dj-database-url,2023-08-15,2023,0,2012-04-30,2012,https://pypi.org/project/dj-database-url/,
peewee,3.16.3,pip install peewee,2023-08-14,2023,0.1.0,2010-10-18,2010,https://pypi.org/project/peewee/,
boxsdk,3.8.1,pip install boxsdk,2023-08-01,2023,0.1.13,2015-02-06,2015,https://pypi.org/project/boxsdk/,
mypy-boto3-sqs,1.28.19,pip install mypy-boto3-sqs,2023-08-04,2023,0.1.6,2019-11-09,2019,https://pypi.org/project/mypy-boto3-sqs/,
dvclive,2.15.2,pip install dvclive,2023-08-18,2023,0.0.1a0,2021-02-17,2021,https://pypi.org/project/dvclive/,
c7n-org,0.6.29,pip install c7n-org,2023-08-15,2023,0.0.1,2017-07-20,2017,https://pypi.org/project/c7n-org/,
DIRAC,8.0.27,pip install DIRAC,2023-08-15,2023,7.2a29,2021-01-20,2021,https://pypi.org/project/DIRAC/,
py7zr,0.20.6,pip install py7zr,2023-08-05,2023,0.0.3,2019-04-22,2019,https://pypi.org/project/py7zr/,
sqlfluff,2.3.0,pip install sqlfluff,2023-08-14,2023,0.0.1,2018-11-07,2018,https://pypi.org/project/sqlfluff/,
asana,4.0.7,pip install asana,2023-08-17,2023,0.0.1,2012-12-07,2012,https://pypi.org/project/asana/,
web3,6.8.0,pip install web3,2023-08-02,2023,0.1.0,2016-04-21,2016,https://pypi.org/project/web3/,
azure-functions,1.17.0,pip install azure-functions,2023-08-18,2023,1.0.0a1,2018-06-18,2018,https://pypi.org/project/azure-functions/,
mypy-boto3-secretsmanager,1.28.24,pip install mypy-boto3-secretsmanager,2023-08-10,2023,0.1.6,2019-11-09,2019,https://pypi.org/project/mypy-boto3-secretsmanager/,
universal-pathlib,0.1.1,pip install universal-pathlib,2023-08-07,2023,0.0.3,2021-01-12,2021,https://pypi.org/project/universal-pathlib/,
mypy-boto3-glue,1.28.27,pip install mypy-boto3-glue,2023-08-15,2023,0.1.1,2019-11-08,2019,https://pypi.org/project/mypy-boto3-glue/,
mypy-boto3-ec2,1.28.29.post1,pip install mypy-boto3-ec2,2023-08-18,2023,0.1.2,2019-11-08,2019,https://pypi.org/project/mypy-boto3-ec2/,
mypy-boto3-lambda,1.28.19,pip install mypy-boto3-lambda,2023-08-04,2023,0.1.3,2019-11-09,2019,https://pypi.org/project/mypy-boto3-lambda/,
apache-airflow-providers-sftp,4.5.0,pip install apache-airflow-providers-sftp,2023-08-01,2023,1.0.0b1,2020-11-09,2020,https://pypi.org/project/apache-airflow-providers-sftp/,
aws-sam-cli,1.95.0,pip install aws-sam-cli,2023-08-10,2023,0.3.0,2018-05-08,2018,https://pypi.org/project/aws-sam-cli/,
questionary,2.0.0,pip install questionary,2023-08-10,2023,1.0.0a1,2018-12-01,2018,https://pypi.org/project/questionary/,
adlfs,2023.8.0,pip install adlfs,2023-08-08,2023,0.0.2,2019-08-11,2019,https://pypi.org/project/adlfs/,
pytest-randomly,3.15.0,pip install pytest-randomly,2023-08-15,2023,1.0.0,2016-04-15,2016,https://pypi.org/project/pytest-randomly/,
aws-cdk-lib,2.92.0,pip install aws-cdk-lib,2023-08-15,2023,2.0.0a1,2021-01-21,2021,https://pypi.org/project/aws-cdk-lib/,
python-arango,7.6.0,pip install python-arango,2023-08-01,2023,3.0.0,2016-08-17,2016,https://pypi.org/project/python-arango/,
pystache,0.6.4,pip install pystache,2023-08-13,2023,0.1.0,2009-11-13,2009,https://pypi.org/project/pystache/,
aws-cdk.aws-lambda-python-alpha,2.92.0a0,pip install aws-cdk.aws-lambda-python-alpha,2023-08-15,2023,2.0.0a1,2021-10-21,2021,https://pypi.org/project/aws-cdk.aws-lambda-python-alpha/,
dbt-bigquery,1.6.1,pip install dbt-bigquery,2023-08-04,2023,0.13.0a1,2019-02-14,2019,https://pypi.org/project/dbt-bigquery/,
mypy-boto3-cloudformation,1.28.19,pip install mypy-boto3-cloudformation,2023-08-04,2023,0.1.6,2019-11-09,2019,https://pypi.org/project/mypy-boto3-cloudformation/,
pex,2.1.143,pip install pex,2023-08-17,2023,0.1.0,2014-02-20,2014,https://pypi.org/project/pex/,
ccxt,4.0.70,pip install ccxt,2023-08-21,2023,1.0.0,2017-07-12,2017,https://pypi.org/project/ccxt/,
tfx-bsl,1.14.0,pip install tfx-bsl,2023-08-11,2023,0.15.0.dev0,2019-09-19,2019,https://pypi.org/project/tfx-bsl/,
pulumi,3.78.1,pip install pulumi,2023-08-11,2023,0.0.0,2019-10-28,2019,https://pypi.org/project/pulumi/,
pyfakefs,5.2.4,pip install pyfakefs,2023-08-18,2023,1,2013-03-01,2013,https://pypi.org/project/pyfakefs/,
sktime,0.22.0,pip install sktime,2023-08-18,2023,0.1.dev0,2019-03-21,2019,https://pypi.org/project/sktime/,
aio-pika,9.2.2,pip install aio-pika,2023-08-14,2023,0.5.0,2016-09-28,2016,https://pypi.org/project/aio-pika/,
policyuniverse,1.5.1.20230817,pip install policyuniverse,2023-08-17,2023,1.0.6.2,2017-05-15,2017,https://pypi.org/project/policyuniverse/,
troposphere,4.4.1,pip install troposphere,2023-08-16,2023,0.1.2,2013-02-21,2013,https://pypi.org/project/troposphere/,
robotframework-seleniumlibrary,6.1.1,pip install robotframework-seleniumlibrary,2023-08-04,2023,2.7,2011-05-02,2011,https://pypi.org/project/robotframework-seleniumlibrary/,
PyDriller,2.5.1,pip install PyDriller,2023-08-21,2023,1,2018-04-09,2018,https://pypi.org/project/PyDriller/,
expandvars,0.11.0,pip install expandvars,2023-08-16,2023,0.1.1,2019-05-07,2019,https://pypi.org/project/expandvars/,
ansible-compat,4.1.6,pip install ansible-compat,2023-08-16,2023,0.1.dev2,2021-06-19,2021,https://pypi.org/project/ansible-compat/,
discord.py,2.3.2,pip install discord.py,2023-08-10,2023,0.1.0,2015-08-23,2015,https://pypi.org/project/discord.py/,
tf-estimator-nightly,2.15.0.dev2023082108,pip install tf-estimator-nightly,2023-08-21,2023,1.12.0.dev20181101,2018-11-01,2018,https://pypi.org/project/tf-estimator-nightly/,
types-docutils,0.20.0.3,pip install types-docutils,2023-08-16,2023,0.1.0,2021-02-02,2021,https://pypi.org/project/types-docutils/,
aws-cdk.cx-api,2.92.0,pip install aws-cdk.cx-api,2023-08-15,2023,0.26.0,2019-03-28,2019,https://pypi.org/project/aws-cdk.cx-api/,
publicsuffixlist,0.10.0.20230814,pip install publicsuffixlist,2023-08-14,2023,0.2.0,2014-11-22,2014,https://pypi.org/project/publicsuffixlist/,
onnxconverter-common,1.14.0,pip install onnxconverter-common,2023-08-21,2023,1.4.0,2019-04-15,2019,https://pypi.org/project/onnxconverter-common/,
yaspin,3.0.0,pip install yaspin,2023-08-19,2023,0.1.0,2017-11-02,2017,https://pypi.org/project/yaspin/,
flask-talisman,1.1.0,pip install flask-talisman,2023-08-03,2023,0.2.0,2016-12-08,2016,https://pypi.org/project/flask-talisman/,
dbt-databricks,1.6.1,pip install dbt-databricks,2023-08-02,2023,0.21.1,2021-12-03,2021,https://pypi.org/project/dbt-databricks/,
meson,1.2.1,pip install meson,2023-08-08,2023,0.29.0.dev1,2016-01-16,2016,https://pypi.org/project/meson/,
dvc,3.15.3,pip install dvc,2023-08-16,2023,0.8.2,2017-05-05,2017,https://pypi.org/project/dvc/,
posthog,3.0.2,pip install posthog,2023-08-17,2023,1.0.0,2020-02-10,2020,https://pypi.org/project/posthog/,
tfds-nightly,4.9.2.dev202308210043,pip install tfds-nightly,2023-08-21,2023,0.0.1.dev20181106,2018-11-07,2018,https://pypi.org/project/tfds-nightly/,
prefect,2.11.4,pip install prefect,2023-08-17,2023,0.5.0,2019-03-24,2019,https://pypi.org/project/prefect/,
aws-cdk.region-info,2.92.0,pip install aws-cdk.region-info,2023-08-15,2023,0.26.0,2019-03-28,2019,https://pypi.org/project/aws-cdk.region-info/,
skl2onnx,1.15.0,pip install skl2onnx,2023-08-07,2023,1.4.0,2019-01-24,2019,https://pypi.org/project/skl2onnx/,
neptune-client,1.6.0,pip install neptune-client,2023-08-18,2023,0.1.0,2019-03-07,2019,https://pypi.org/project/neptune-client/,
pikepdf,8.4.0,pip install pikepdf,2023-08-14,2023,0.1rc1,2017-10-30,2017,https://pypi.org/project/pikepdf/,
pytest-check,2.2.1,pip install pytest-check,2023-08-11,2023,0.2.0,2017-10-30,2017,https://pypi.org/project/pytest-check/,
policy-sentry,0.12.8,pip install policy-sentry,2023-08-19,2023,0.4.0,2019-10-09,2019,https://pypi.org/project/policy-sentry/,
aws-cdk.cloud-assembly-schema,2.92.0,pip install aws-cdk.cloud-assembly-schema,2023-08-15,2023,1.33.0,2020-04-17,2020,https://pypi.org/project/aws-cdk.cloud-assembly-schema/,
thefuzz,0.20.0,pip install thefuzz,2023-08-18,2023,0.18.0,2021-09-09,2021,https://pypi.org/project/thefuzz/,
python-stdnum,1.19,pip install python-stdnum,2023-08-20,2023,0.1,2015-09-26,2015,https://pypi.org/project/python-stdnum/,
treelib,1.7.0,pip install treelib,2023-08-18,2023,1.2,2013-04-28,2013,https://pypi.org/project/treelib/,
apache-airflow-providers-apache-spark,4.1.3,pip install apache-airflow-providers-apache-spark,2023-08-08,2023,1.0.0b1,2020-11-09,2020,https://pypi.org/project/apache-airflow-providers-apache-spark/,
strawberry-graphql,0.204.0,pip install strawberry-graphql,2023-08-15,2023,0.1.0,2019-03-01,2019,https://pypi.org/project/strawberry-graphql/,
plaid-python,15.4.0,pip install plaid-python,2023-08-16,2023,0.0.0,2014-03-10,2014,https://pypi.org/project/plaid-python/,
semgrep,1.36.0,pip install semgrep,2023-08-14,2023,0.0.0,2021-02-17,2021,https://pypi.org/project/semgrep/,
awkward,2.3.3,pip install awkward,2023-08-17,2023,0.0.1,2018-06-17,2018,https://pypi.org/project/awkward/,
trimesh,3.23.3,pip install trimesh,2023-08-17,2023,1.9.7,2015-12-02,2015,https://pypi.org/project/trimesh/,
molecule,6.0.1,pip install molecule,2023-08-16,2023,1.20.1,2017-02-21,2017,https://pypi.org/project/molecule/,
google-cloud-profiler,4.1.0,pip install google-cloud-profiler,2023-08-16,2023,1.0.0,2019-01-29,2019,https://pypi.org/project/google-cloud-profiler/,
itables,1.5.4,pip install itables,2023-08-18,2023,0.1.0,2019-04-22,2019,https://pypi.org/project/itables/,
dagster,1.4.7,pip install dagster,2023-08-18,2023,0.1.0rc1,2018-06-12,2018,https://pypi.org/project/dagster/,
seleniumbase,4.17.8,pip install seleniumbase,2023-08-18,2023,1.1.13,2015-12-04,2015,https://pypi.org/project/seleniumbase/,
pybase64,1.3.0,pip install pybase64,2023-08-19,2023,0.1.0,2017-07-30,2017,https://pypi.org/project/pybase64/,
maturin,1.2.3,pip install maturin,2023-08-17,2023,0.7.0,2019-08-30,2019,https://pypi.org/project/maturin/,
bellows,0.35.9,pip install bellows,2023-08-07,2023,0.1,2017-01-10,2017,https://pypi.org/project/bellows/,
sphinxcontrib-websupport,1.2.6,pip install sphinxcontrib-websupport,2023-08-09,2023,1.0.0,2017-04-23,2017,https://pypi.org/project/sphinxcontrib-websupport/,
zha-quirks,0.0.102,pip install zha-quirks,2023-08-01,2023,0.0.2,2018-12-01,2018,https://pypi.org/project/zha-quirks/,
hubspot-api-client,8.1.0,pip install hubspot-api-client,2023-08-07,2023,1.0.0b0,2020-04-16,2020,https://pypi.org/project/hubspot-api-client/,
s3path,0.5.0,pip install s3path,2023-08-17,2023,0.1.0,2019-04-16,2019,https://pypi.org/project/s3path/,
openstacksdk,1.4.0,pip install openstacksdk,2023-08-03,2023,0.5,2015-06-10,2015,https://pypi.org/project/openstacksdk/,
phonenumberslite,8.13.18,pip install phonenumberslite,2023-08-04,2023,6.0.0a,2014-03-19,2014,https://pypi.org/project/phonenumberslite/,
platformio,6.1.10,pip install platformio,2023-08-11,2023,0.10.2,2015-01-06,2015,https://pypi.org/project/platformio/,
apache-airflow-providers-microsoft-mssql,3.4.2,pip install apache-airflow-providers-microsoft-mssql,2023-08-01,2023,1.0.0b1,2020-11-09,2020,https://pypi.org/project/apache-airflow-providers-microsoft-mssql/,
dagster-pandas,0.20.7,pip install dagster-pandas,2023-08-18,2023,0.3.0rc7,2019-01-11,2019,https://pypi.org/project/dagster-pandas/,
time-machine,2.12.0,pip install time-machine,2023-08-14,2023,1.0.0b1,2020-05-04,2020,https://pypi.org/project/time-machine/,
types-Pygments,2.16.0.0,pip install types-Pygments,2023-08-07,2023,2.9.0,2021-07-11,2021,https://pypi.org/project/types-Pygments/,
tf-models-nightly,2.13.1.dev20230821,pip install tf-models-nightly,2023-08-21,2023,2.2.0.dev20200314,2020-03-14,2020,https://pypi.org/project/tf-models-nightly/,
pyright,1.1.323,pip install pyright,2023-08-16,2023,0.0.1,2021-06-20,2021,https://pypi.org/project/pyright/,
ecs-logging,2.1.0,pip install ecs-logging,2023-08-16,2023,0,2020-03-17,2020,https://pypi.org/project/ecs-logging/,
mypy-boto3-sts,1.28.16,pip install mypy-boto3-sts,2023-08-01,2023,0.1.6,2019-11-09,2019,https://pypi.org/project/mypy-boto3-sts/,
singer-sdk,0.31.1,pip install singer-sdk,2023-08-17,2023,0.0.1.dev1051765546,2021-02-24,2021,https://pypi.org/project/singer-sdk/,
griffe,0.34.0,pip install griffe,2023-08-20,2023,0.1.0,2021-09-09,2021,https://pypi.org/project/griffe/,
SEKKAYBOT,0.22.270,pip install SEKKAYBOT,2023-08-10,2023,0.22.107,2021-09-07,2021,https://pypi.org/project/SEKKAYBOT/,
scmrepo,1.2.1,pip install scmrepo,2023-08-10,2023,0.0.1,2021-11-25,2021,https://pypi.org/project/scmrepo/,
pymilvus,2.2.15,pip install pymilvus,2023-08-09,2023,0.1.0,2019-06-16,2019,https://pypi.org/project/pymilvus/,
dagster-graphql,1.4.7,pip install dagster-graphql,2023-08-18,2023,0.4.0rc2,2019-04-17,2019,https://pypi.org/project/dagster-graphql/,
awacs,2.4.0,pip install awacs,2023-08-13,2023,0.0.2,2013-03-27,2013,https://pypi.org/project/awacs/,
vertica-python,1.3.4,pip install vertica-python,2023-08-04,2023,0.1,2013-08-23,2013,https://pypi.org/project/vertica-python/,
tecton,0.7.3,pip install tecton,2023-08-11,2023,0.0.20,2021-06-16,2021,https://pypi.org/project/tecton/,
google-analytics-data,0.17.1,pip install google-analytics-data,2023-08-09,2023,0.1.0,2020-09-14,2020,https://pypi.org/project/google-analytics-data/,
mypy-boto3-athena,1.28.16,pip install mypy-boto3-athena,2023-08-01,2023,0.1.5,2019-11-09,2019,https://pypi.org/project/mypy-boto3-athena/,
jsonargparse,4.23.1,pip install jsonargparse,2023-08-04,2023,2.0.0,2019-08-26,2019,https://pypi.org/project/jsonargparse/,
oci,2.110.1,pip install oci,2023-08-15,2023,0.0.1,2017-09-08,2017,https://pypi.org/project/oci/,
deepspeed,0.10.1,pip install deepspeed,2023-08-18,2023,0.3.1.dev1,2020-10-22,2020,https://pypi.org/project/deepspeed/,
pytest-playwright,0.4.2,pip install pytest-playwright,2023-08-07,2023,0.0.2,2020-07-13,2020,https://pypi.org/project/pytest-playwright/,
awscrt,0.19.0,pip install awscrt,2023-08-14,2023,0.2.10,2019-04-16,2019,https://pypi.org/project/awscrt/,
dns-lexicon,3.14.1,pip install dns-lexicon,2023-08-13,2023,1.0.0,2016-02-05,2016,https://pypi.org/project/dns-lexicon/,
google-cloud-pipeline-components,2.3.0,pip install google-cloud-pipeline-components,2023-08-20,2023,0.1.0,2021-05-13,2021,https://pypi.org/project/google-cloud-pipeline-components/,
line-bot-sdk,3.2.0,pip install line-bot-sdk,2023-08-04,2023,0.1.0,2016-10-11,2016,https://pypi.org/project/line-bot-sdk/,
setuptools-git-versioning,1.13.5,pip install setuptools-git-versioning,2023-08-08,2023,1.1.2,2020-07-29,2020,https://pypi.org/project/setuptools-git-versioning/,
apache-airflow-providers-celery,3.3.2,pip install apache-airflow-providers-celery,2023-08-14,2023,1.0.0b1,2020-11-09,2020,https://pypi.org/project/apache-airflow-providers-celery/,
click-help-colors,0.9.2,pip install click-help-colors,2023-08-20,2023,0.2,2016-09-02,2016,https://pypi.org/project/click-help-colors/,
vulture,2.9,pip install vulture,2023-08-20,2023,0.1,2012-03-17,2012,https://pypi.org/project/vulture/,
syrupy,4.2.0,pip install syrupy,2023-08-21,2023,0.0.1,2019-12-05,2019,https://pypi.org/project/syrupy/,
datamodel-code-generator,0.21.4,pip install datamodel-code-generator,2023-08-09,2023,0.0.1,2019-07-23,2019,https://pypi.org/project/datamodel-code-generator/,
awsebcli,3.20.8,pip install awsebcli,2023-08-15,2023,3.0.1,2014-10-30,2014,https://pypi.org/project/awsebcli/,
soda-core,3.0.48,pip install soda-core,2023-08-11,2023,3.0.0b1,2022-03-22,2022,https://pypi.org/project/soda-core/,
model-bakery,1.14.0,pip install model-bakery,2023-08-17,2023,0.0.1a0,2019-10-11,2019,https://pypi.org/project/model-bakery/,
caio,0.9.13,pip install caio,2023-08-18,2023,0.0.3,2020-03-13,2020,https://pypi.org/project/caio/,
glean-parser,8.1.1,pip install glean-parser,2023-08-02,2023,0.1.1,2018-10-23,2018,https://pypi.org/project/glean-parser/,
jina,3.20.1,pip install jina,2023-08-10,2023,0.0.0,2020-02-03,2020,https://pypi.org/project/jina/,
mypy-boto3-events,1.28.16,pip install mypy-boto3-events,2023-08-01,2023,0.1.6,2019-11-09,2019,https://pypi.org/project/mypy-boto3-events/,
pydantic-settings,2.0.3,pip install pydantic-settings,2023-08-14,2023,0.1.0a1,2019-08-19,2019,https://pypi.org/project/pydantic-settings/,
splink,3.9.6,pip install splink,2023-08-17,2023,0.1.3,2020-03-13,2020,https://pypi.org/project/splink/,
mypy-boto3-ecr,1.28.16,pip install mypy-boto3-ecr,2023-08-01,2023,0.1.6,2019-11-09,2019,https://pypi.org/project/mypy-boto3-ecr/,
evidently,0.4.1,pip install evidently,2023-08-10,2023,0.1.0.dev0,2020-11-25,2020,https://pypi.org/project/evidently/,
kedro,0.18.12,pip install kedro,2023-08-01,2023,0.14.0,2019-05-16,2019,https://pypi.org/project/kedro/,
graphene-django,3.1.5,pip install graphene-django,2023-08-09,2023,0.0.1,2016-05-11,2016,https://pypi.org/project/graphene-django/,
furo,2023.8.19,pip install furo,2023-08-18,2023,2020.8.14b5,2020-09-14,2020,https://pypi.org/project/furo/,
gluonts,0.13.3,pip install gluonts,2023-08-07,2023,0,2021-11-11,2021,https://pypi.org/project/gluonts/,
sqlfluff-templater-dbt,2.3.0,pip install sqlfluff-templater-dbt,2023-08-14,2023,0.7.0a2,2021-10-10,2021,https://pypi.org/project/sqlfluff-templater-dbt/,
pyairtable,2.1.0.post1,pip install pyairtable,2023-08-18,2023,1.0.0.dev1,2021-08-08,2021,https://pypi.org/project/pyairtable/,
mdxpy,1.3.2,pip install mdxpy,2023-08-07,2023,0.1,2020-04-25,2020,https://pypi.org/project/mdxpy/,
dagster-spark,0.20.7,pip install dagster-spark,2023-08-18,2023,0.4.0rc2,2019-04-17,2019,https://pypi.org/project/dagster-spark/,
python-semantic-release,8.0.7,pip install python-semantic-release,2023-08-16,2023,0.1.0,2015-07-27,2015,https://pypi.org/project/python-semantic-release/,
types-aiofiles,23.2.0.0,pip install types-aiofiles,2023-08-16,2023,0.1.0,2021-02-02,2021,https://pypi.org/project/types-aiofiles/,
mypy-boto3-appconfig,1.28.16,pip install mypy-boto3-appconfig,2023-08-01,2023,1.10.33,2019-12-05,2019,https://pypi.org/project/mypy-boto3-appconfig/,
undetected-chromedriver,3.5.2,pip install undetected-chromedriver,2023-08-09,2023,1.3.5,2020-09-03,2020,https://pypi.org/project/undetected-chromedriver/,
dagit,1.4.7,pip install dagit,2023-08-18,2023,0.0.1,2018-08-10,2018,https://pypi.org/project/dagit/,
marquez-python,0.40.0,pip install marquez-python,2023-08-15,2023,0.1.0,2019-02-11,2019,https://pypi.org/project/marquez-python/,
discord,2.3.2,pip install discord,2023-08-10,2023,0.0.2,2017-08-18,2017,https://pypi.org/project/discord/,
apache-airflow-providers-docker,3.7.3,pip install apache-airflow-providers-docker,2023-08-14,2023,1.0.0b1,2020-11-09,2020,https://pypi.org/project/apache-airflow-providers-docker/,
mkdocstrings-python,1.5.0,pip install mkdocstrings-python,2023-08-20,2023,0.1.0,2021-12-18,2021,https://pypi.org/project/mkdocstrings-python/,
rule-engine,4.1.0,pip install rule-engine,2023-08-03,2023,0.9.0,2018-05-16,2018,https://pypi.org/project/rule-engine/,
zenpy,2.0.30,pip install zenpy,2023-08-18,2023,0.0.5,2015-08-30,2015,https://pypi.org/project/zenpy/,
awslambdaric,2.0.5,pip install awslambdaric,2023-08-16,2023,1.0.0,2020-12-01,2020,https://pypi.org/project/awslambdaric/,
cloudinary,1.34.0,pip install cloudinary,2023-08-14,2023,0.2.1,2012-07-08,2012,https://pypi.org/project/cloudinary/,
keras-nightly,2.15.0.dev2023082107,pip install keras-nightly,2023-08-21,2023,2.5.0.dev2021020510,2021-02-05,2021,https://pypi.org/project/keras-nightly/,
apache-airflow-providers-jdbc,4.0.1,pip install apache-airflow-providers-jdbc,2023-08-01,2023,1.0.0b1,2020-11-09,2020,https://pypi.org/project/apache-airflow-providers-jdbc/,
flask-oidc,2.0.0,pip install flask-oidc,2023-08-21,2023,0.1.0,2014-07-31,2014,https://pypi.org/project/flask-oidc/,
couchbase,4.1.7,pip install couchbase,2023-08-08,2023,0.7.0,2012-07-31,2012,https://pypi.org/project/couchbase/,
tensorflow-data-validation,1.14.0,pip install tensorflow-data-validation,2023-08-14,2023,0.9.0,2018-09-08,2018,https://pypi.org/project/tensorflow-data-validation/,
awsiotsdk,1.18.0,pip install awsiotsdk,2023-08-14,2023,0.2.4,2019-05-13,2019,https://pypi.org/project/awsiotsdk/,
mypy-boto3-ssm,1.28.16,pip install mypy-boto3-ssm,2023-08-01,2023,0.1.6,2019-11-09,2019,https://pypi.org/project/mypy-boto3-ssm/,
sqlite-utils,3.35,pip install sqlite-utils,2023-08-18,2023,0.2,2018-07-29,2018,https://pypi.org/project/sqlite-utils/,
quantconnect-stubs,15802,pip install quantconnect-stubs,2023-08-18,2023,9811,2020-11-13,2020,https://pypi.org/project/quantconnect-stubs/,
apache-airflow-providers-apache-hive,6.1.4,pip install apache-airflow-providers-apache-hive,2023-08-08,2023,1.0.0b1,2020-11-09,2020,https://pypi.org/project/apache-airflow-providers-apache-hive/,
django-auth-ldap,4.5.0,pip install django-auth-ldap,2023-08-08,2023,1.0.10,2011-06-23,2011,https://pypi.org/project/django-auth-ldap/,
types-aiobotocore,2.6.0,pip install types-aiobotocore,2023-08-12,2023,2.1.0,2022-02-07,2022,https://pypi.org/project/types-aiobotocore/,
signxml,3.2.1,pip install signxml,2023-08-06,2023,0.0.1,2014-09-03,2014,https://pypi.org/project/signxml/,
zarr,2.16.1,pip install zarr,2023-08-18,2023,0.2.2,2015-12-18,2015,https://pypi.org/project/zarr/,
mypy-boto3-elbv2,1.28.24,pip install mypy-boto3-elbv2,2023-08-10,2023,0.1.6,2019-11-09,2019,https://pypi.org/project/mypy-boto3-elbv2/,
types-aiobotocore-s3,2.6.0,pip install types-aiobotocore-s3,2023-08-12,2023,2.1.0,2022-02-07,2022,https://pypi.org/project/types-aiobotocore-s3/,
cantools,39.2.0,pip install cantools,2023-08-10,2023,0.2.1,2015-04-26,2015,https://pypi.org/project/cantools/,
mitmproxy,10.0.0,pip install mitmproxy,2023-08-04,2023,0.8,2012-04-09,2012,https://pypi.org/project/mitmproxy/,
types-aiobotocore-dynamodb,2.6.0,pip install types-aiobotocore-dynamodb,2023-08-12,2023,2.1.0,2022-02-07,2022,https://pypi.org/project/types-aiobotocore-dynamodb/,
interpret-core,0.4.3,pip install interpret-core,2023-08-05,2023,0.1.16,2019-09-18,2019,https://pypi.org/project/interpret-core/,
types-aiobotocore-sqs,2.6.0,pip install types-aiobotocore-sqs,2023-08-12,2023,2.1.0,2022-02-07,2022,https://pypi.org/project/types-aiobotocore-sqs/,
types-aiobotocore-ec2,2.6.0,pip install types-aiobotocore-ec2,2023-08-12,2023,2.1.0,2022-02-07,2022,https://pypi.org/project/types-aiobotocore-ec2/,
dagster-dbt,0.20.7,pip install dagster-dbt,2023-08-18,2023,0.5.6rc2,2019-08-15,2019,https://pypi.org/project/dagster-dbt/,
extract-msg,0.45.0,pip install extract-msg,2023-08-13,2023,0.20.6,2018-12-05,2018,https://pypi.org/project/extract-msg/,
hdx-python-utilities,3.6.2,pip install hdx-python-utilities,2023-08-08,2023,1,2017-10-11,2017,https://pypi.org/project/hdx-python-utilities/,
commitizen,3.6.0,pip install commitizen,2023-08-01,2023,0.8.4,2017-11-08,2017,https://pypi.org/project/commitizen/,
mkdocs-autorefs,0.5.0,pip install mkdocs-autorefs,2023-08-02,2023,0.1.0,2021-02-17,2021,https://pypi.org/project/mkdocs-autorefs/,
hdx-python-country,3.5.2,pip install hdx-python-country,2023-08-09,2023,0.5,2017-10-16,2017,https://pypi.org/project/hdx-python-country/,
types-aiobotocore-lambda,2.6.0,pip install types-aiobotocore-lambda,2023-08-12,2023,2.1.0,2022-02-07,2022,https://pypi.org/project/types-aiobotocore-lambda/,
types-aiobotocore-cloudformation,2.6.0,pip install types-aiobotocore-cloudformation,2023-08-12,2023,2.1.0,2022-02-07,2022,https://pypi.org/project/types-aiobotocore-cloudformation/,
azure-ai-formrecognizer,3.3.0,pip install azure-ai-formrecognizer,2023-08-08,2023,1.0.0b1,2020-04-23,2020,https://pypi.org/project/azure-ai-formrecognizer/,
voila,0.5.0,pip install voila,2023-08-17,2023,0.0.0,2018-08-08,2018,https://pypi.org/project/voila/,
types-aiobotocore-rds,2.6.0,pip install types-aiobotocore-rds,2023-08-12,2023,2.1.0,2022-02-07,2022,https://pypi.org/project/types-aiobotocore-rds/,
tensorflow-model-analysis,0.45.0,pip install tensorflow-model-analysis,2023-08-14,2023,0.6.0,2018-03-23,2018,https://pypi.org/project/tensorflow-model-analysis/,
qiskit-terra,0.25.1,pip install qiskit-terra,2023-08-17,2023,0.7.0,2018-12-19,2018,https://pypi.org/project/qiskit-terra/,
mypy-boto3-iam,1.28.16,pip install mypy-boto3-iam,2023-08-01,2023,0.1.6,2019-11-09,2019,https://pypi.org/project/mypy-boto3-iam/,
django-admin-rangefilter,0.11.0,pip install django-admin-rangefilter,2023-08-20,2023,0.1.0,2016-06-24,2016,https://pypi.org/project/django-admin-rangefilter/,
dagster-aws,0.20.7,pip install dagster-aws,2023-08-18,2023,0.4.0rc2,2019-04-17,2019,https://pypi.org/project/dagster-aws/,
apache-airflow-providers-redis,3.3.1,pip install apache-airflow-providers-redis,2023-08-09,2023,1.0.0b1,2020-11-09,2020,https://pypi.org/project/apache-airflow-providers-redis/,
pydevd-pycharm,232.9559.11,pip install pydevd-pycharm,2023-08-10,2023,191.4212.43,2019-01-24,2019,https://pypi.org/project/pydevd-pycharm/,
poetry-dynamic-versioning,1.0.1,pip install poetry-dynamic-versioning,2023-08-21,2023,0.1.0,2019-06-06,2019,https://pypi.org/project/poetry-dynamic-versioning/,
types-aiobotocore-acm,2.5.4,pip install types-aiobotocore-acm,2023-08-09,2023,2.1.0,2022-02-07,2022,https://pypi.org/project/types-aiobotocore-acm/,
fpdf2,2.7.5,pip install fpdf2,2023-08-04,2023,2.0.0,2017-05-04,2017,https://pypi.org/project/fpdf2/,
types-aiobotocore-elbv2,2.6.0,pip install types-aiobotocore-elbv2,2023-08-12,2023,2.1.0,2022-02-07,2022,https://pypi.org/project/types-aiobotocore-elbv2/,
types-aiobotocore-route53,2.6.0,pip install types-aiobotocore-route53,2023-08-12,2023,2.1.0,2022-02-07,2022,https://pypi.org/project/types-aiobotocore-route53/,
datadog-lambda,4.78.0,pip install datadog-lambda,2023-08-07,2023,0.1.0,2019-07-25,2019,https://pypi.org/project/datadog-lambda/,
types-aiobotocore-iam,2.6.0,pip install types-aiobotocore-iam,2023-08-12,2023,2.1.0,2022-02-07,2022,https://pypi.org/project/types-aiobotocore-iam/,
clearml,1.12.2,pip install clearml,2023-08-11,2023,0.17.0,2020-12-22,2020,https://pypi.org/project/clearml/,
Files.com,1.0.1018,pip install Files.com,2023-08-21,2023,1.0.9,2020-07-29,2020,https://pypi.org/project/Files.com/,
python-on-whales,0.64.2,pip install python-on-whales,2023-08-16,2023,0.1,2020-10-24,2020,https://pypi.org/project/python-on-whales/,
mlforecast,0.9.1,pip install mlforecast,2023-08-15,2023,0.0.1,2021-04-27,2021,https://pypi.org/project/mlforecast/,
openvino-telemetry,2023.1.1,pip install openvino-telemetry,2023-08-10,2023,2022.1.0,2021-12-24,2021,https://pypi.org/project/openvino-telemetry/,
pycarlo,0.8.0,pip install pycarlo,2023-08-09,2023,0.0.2,2022-01-11,2022,https://pypi.org/project/pycarlo/,
launchable,1.72.3,pip install launchable,2023-08-10,2023,0.0.4,2020-10-06,2020,https://pypi.org/project/launchable/,
pillow-heif,0.13.0,pip install pillow-heif,2023-08-09,2023,0.1.4,2021-11-05,2021,https://pypi.org/project/pillow-heif/,
statsig,0.17.1,pip install statsig,2023-08-14,2023,0.1.0,2021-08-19,2021,https://pypi.org/project/statsig/,
tencentcloud-sdk-python,3.0.962,pip install tencentcloud-sdk-python,2023-08-21,2023,3.0.3,2018-04-24,2018,https://pypi.org/project/tencentcloud-sdk-python/,
sse-starlette,1.6.5,pip install sse-starlette,2023-08-12,2023,0.1.0,2020-02-21,2020,https://pypi.org/project/sse-starlette/,
c7n-mailer,0.6.29,pip install c7n-mailer,2023-08-15,2023,0.1,2017-05-16,2017,https://pypi.org/project/c7n-mailer/,
tensorflow-ranking,0.5.3,pip install tensorflow-ranking,2023-08-11,2023,0.1.0,2019-02-08,2019,https://pypi.org/project/tensorflow-ranking/,
pytest-httpx,0.23.1,pip install pytest-httpx,2023-08-02,2023,0.0.1,2020-02-05,2020,https://pypi.org/project/pytest-httpx/,
rdkit,2023.3.3,pip install rdkit,2023-08-18,2023,2009.Q1b1,2009-02-04,2009,https://pypi.org/project/rdkit/,
pytype,2023.8.14,pip install pytype,2023-08-15,2023,0.2,2016-06-27,2016,https://pypi.org/project/pytype/,
apache-airflow-providers-microsoft-azure,6.2.4,pip install apache-airflow-providers-microsoft-azure,2023-08-14,2023,1.0.0b1,2020-11-09,2020,https://pypi.org/project/apache-airflow-providers-microsoft-azure/,
qdrant-client,1.4.0,pip install qdrant-client,2023-08-03,2023,0.1.0,2021-02-09,2021,https://pypi.org/project/qdrant-client/,
grpc-interceptor,0.15.3,pip install grpc-interceptor,2023-08-15,2023,0.1.0,2020-07-13,2020,https://pypi.org/project/grpc-interceptor/,
grpcio-testing,1.57.0,pip install grpcio-testing,2023-08-10,2023,1.13.0rc2,2018-06-20,2018,https://pypi.org/project/grpcio-testing/,
fastapi-pagination,0.12.8,pip install fastapi-pagination,2023-08-14,2023,0.1.0,2020-11-06,2020,https://pypi.org/project/fastapi-pagination/,
aiocache,0.12.2,pip install aiocache,2023-08-06,2023,0.0.1,2016-09-30,2016,https://pypi.org/project/aiocache/,
pycmarkgfm,1.2.1,pip install pycmarkgfm,2023-08-19,2023,1.0.1,2020-10-24,2020,https://pypi.org/project/pycmarkgfm/,
grimp,3,pip install grimp,2023-08-18,2023,1.0b1,2018-12-10,2018,https://pypi.org/project/grimp/,
shodan,1.30.0,pip install shodan,2023-08-15,2023,0.1,2010-09-07,2010,https://pypi.org/project/shodan/,
tinybird-cli,1.0.0b398,pip install tinybird-cli,2023-08-18,2023,1.0.0b30,2021-04-06,2021,https://pypi.org/project/tinybird-cli/,
botorch,0.9.2,pip install botorch,2023-08-11,2023,0.1.0,2019-05-01,2019,https://pypi.org/project/botorch/,
optimum,1.11.2,pip install optimum,2023-08-17,2023,0.0.1,2021-09-14,2021,https://pypi.org/project/optimum/,
chiapos,2.0.2,pip install chiapos,2023-08-17,2023,0.1b1,2020-06-29,2020,https://pypi.org/project/chiapos/,
pandas-market-calendars,4.2.0,pip install pandas-market-calendars,2023-08-21,2023,0.1,2016-12-28,2016,https://pypi.org/project/pandas-market-calendars/,
import-linter,1.11.1,pip install import-linter,2023-08-21,2023,1.0a1,2019-01-27,2019,https://pypi.org/project/import-linter/,
pystac,1.8.3,pip install pystac,2023-08-10,2023,0.1.1,2018-01-05,2018,https://pypi.org/project/pystac/,
giturlparse,0.11.1,pip install giturlparse,2023-08-04,2023,0.9.1,2018-01-20,2018,https://pypi.org/project/giturlparse/,
pybump,1.11.2,pip install pybump,2023-08-12,2023,0.1.2,2018-10-06,2018,https://pypi.org/project/pybump/,
SudachiDict-core,20230711,pip install SudachiDict-core,2023-08-14,2023,0.0.0,2019-11-20,2019,https://pypi.org/project/SudachiDict-core/,
apache-airflow-providers-oracle,3.7.2,pip install apache-airflow-providers-oracle,2023-08-01,2023,1.0.0b1,2020-11-09,2020,https://pypi.org/project/apache-airflow-providers-oracle/,
cloudflare,2.11.7,pip install cloudflare,2023-08-19,2023,1.0.1,2016-05-13,2016,https://pypi.org/project/cloudflare/,
darts,0.25.0,pip install darts,2023-08-05,2023,0.0.1,2020-06-15,2020,https://pypi.org/project/darts/,
qiskit,0.44.1,pip install qiskit,2023-08-17,2023,0.3.2,2017-08-24,2017,https://pypi.org/project/qiskit/,
datarobot,3.2.0,pip install datarobot,2023-08-03,2023,0,2016-03-24,2016,https://pypi.org/project/datarobot/,
dagster-postgres,0.20.7,pip install dagster-postgres,2023-08-18,2023,0.5.9rc0,2019-09-17,2019,https://pypi.org/project/dagster-postgres/,
chia-rs,0.2.10,pip install chia-rs,2023-08-08,2023,0.1.0,2022-02-03,2022,https://pypi.org/project/chia-rs/,
mkdocs-techdocs-core,1.2.2,pip install mkdocs-techdocs-core,2023-08-16,2023,0.0.1,2020-07-20,2020,https://pypi.org/project/mkdocs-techdocs-core/,
duckduckgo-search,3.8.5,pip install duckduckgo-search,2023-08-14,2023,0.3,2021-04-25,2021,https://pypi.org/project/duckduckgo-search/,
types-beautifulsoup4,4.12.0.6,pip install types-beautifulsoup4,2023-08-13,2023,4.9.0,2021-07-11,2021,https://pypi.org/project/types-beautifulsoup4/,
dtlpy,1.82.17,pip install dtlpy,2023-08-16,2023,1.14.2,2020-04-16,2020,https://pypi.org/project/dtlpy/,
shillelagh,1.2.7,pip install shillelagh,2023-08-14,2023,0.1,2020-10-26,2020,https://pypi.org/project/shillelagh/,
great-expectations-experimental,0.1.20230816044,pip install great-expectations-experimental,2023-08-16,2023,0.1.20210115001,2021-01-16,2021,https://pypi.org/project/great-expectations-experimental/,
prometheus-api-client,0.5.4,pip install prometheus-api-client,2023-08-16,2023,0.0.1,2019-03-25,2019,https://pypi.org/project/prometheus-api-client/,
gitignore-parser,0.1.6,pip install gitignore-parser,2023-08-07,2023,0.0.1,2018-11-24,2018,https://pypi.org/project/gitignore-parser/,
feast,0.33.1,pip install feast,2023-08-14,2023,0.1.0,2019-04-09,2019,https://pypi.org/project/feast/,
ctranslate2,3.18.0,pip install ctranslate2,2023-08-03,2023,1.20.1,2021-04-29,2021,https://pypi.org/project/ctranslate2/,
google-cloud-billing,1.11.2,pip install google-cloud-billing,2023-08-03,2023,0.1.0,2020-02-29,2020,https://pypi.org/project/google-cloud-billing/,
django-two-factor-auth,1.15.4,pip install django-two-factor-auth,2023-08-14,2023,0.1.0,2012-09-12,2012,https://pypi.org/project/django-two-factor-auth/,
azure-cognitiveservices-speech,1.31.0,pip install azure-cognitiveservices-speech,2023-08-04,2023,1.2.0,2018-12-18,2018,https://pypi.org/project/azure-cognitiveservices-speech/,
scann,1.2.10,pip install scann,2023-08-02,2023,1.1.0,2020-10-05,2020,https://pypi.org/project/scann/,
clr-loader,0.2.6,pip install clr-loader,2023-08-07,2023,0.1.0,2020-11-20,2020,https://pypi.org/project/clr-loader/,
qcs-api-client,0.23.0,pip install qcs-api-client,2023-08-09,2023,0.4.3,2020-12-18,2020,https://pypi.org/project/qcs-api-client/,
ibm-platform-services,0.39.0,pip install ibm-platform-services,2023-08-15,2023,0.1.2,2020-03-31,2020,https://pypi.org/project/ibm-platform-services/,
pyreadstat,1.2.3,pip install pyreadstat,2023-08-21,2023,0.1.6,2018-08-23,2018,https://pypi.org/project/pyreadstat/,
gotrue,1.0.3,pip install gotrue,2023-08-03,2023,0.1.0,2021-01-28,2021,https://pypi.org/project/gotrue/,
dagster-k8s,0.20.7,pip install dagster-k8s,2023-08-18,2023,0.6.7rc0,2020-01-10,2020,https://pypi.org/project/dagster-k8s/,
django-grappelli,3.0.7,pip install django-grappelli,2023-08-15,2023,1.3,2010-12-23,2010,https://pypi.org/project/django-grappelli/,
docarray,0.37.0,pip install docarray,2023-08-03,2023,0.0.0,2021-12-09,2021,https://pypi.org/project/docarray/,
aws-cdk.aws-apigatewayv2-alpha,2.92.0a0,pip install aws-cdk.aws-apigatewayv2-alpha,2023-08-15,2023,2.0.0a1,2021-10-21,2021,https://pypi.org/project/aws-cdk.aws-apigatewayv2-alpha/,
jupyterhub,4.0.2,pip install jupyterhub,2023-08-10,2023,0.1.0,2015-03-08,2015,https://pypi.org/project/jupyterhub/,
tmdbv3api,1.9.0,pip install tmdbv3api,2023-08-14,2023,0.1,2016-06-24,2016,https://pypi.org/project/tmdbv3api/,
mypy-boto3-route53,1.28.16.post1,pip install mypy-boto3-route53,2023-08-01,2023,0.1.6,2019-11-09,2019,https://pypi.org/project/mypy-boto3-route53/,
msgspec,0.18.1,pip install msgspec,2023-08-16,2023,0.0.1,2021-02-23,2021,https://pypi.org/project/msgspec/,
apache-airflow-providers-presto,5.1.2,pip install apache-airflow-providers-presto,2023-08-01,2023,1.0.0b1,2020-11-09,2020,https://pypi.org/project/apache-airflow-providers-presto/,
PureCloudPlatformClientV2,182.0.0,pip install PureCloudPlatformClientV2,2023-08-15,2023,2.0.1,2017-04-06,2017,https://pypi.org/project/PureCloudPlatformClientV2/,
aws-cdk.aws-glue-alpha,2.92.0a0,pip install aws-cdk.aws-glue-alpha,2023-08-15,2023,2.0.0a1,2021-10-21,2021,https://pypi.org/project/aws-cdk.aws-glue-alpha/,
browserstack-local,1.2.7,pip install browserstack-local,2023-08-18,2023,0.1,2014-06-12,2014,https://pypi.org/project/browserstack-local/,
mypy-boto3-identitystore,1.28.16,pip install mypy-boto3-identitystore,2023-08-01,2023,1.14.52.1,2020-08-31,2020,https://pypi.org/project/mypy-boto3-identitystore/,
mypy-boto3-stepfunctions,1.28.16,pip install mypy-boto3-stepfunctions,2023-08-01,2023,0.1.6,2019-11-09,2019,https://pypi.org/project/mypy-boto3-stepfunctions/,
typesense,0.16.0,pip install typesense,2023-08-11,2023,0.1.0,2018-03-04,2018,https://pypi.org/project/typesense/,
h2o-wave,0.26.2,pip install h2o-wave,2023-08-03,2023,0.7.0,2020-10-15,2020,https://pypi.org/project/h2o-wave/,
dagster-cloud,1.4.7,pip install dagster-cloud,2023-08-18,2023,0.1.0,2021-06-10,2021,https://pypi.org/project/dagster-cloud/,
apache-airflow-providers-apache-beam,5.2.1,pip install apache-airflow-providers-apache-beam,2023-08-14,2023,1.0.0rc1,2021-02-04,2021,https://pypi.org/project/apache-airflow-providers-apache-beam/,
sphinx-click,5.0.1,pip install sphinx-click,2023-08-17,2023,0.0.1.dev2,2017-04-05,2017,https://pypi.org/project/sphinx-click/,
celery-types,0.19.0,pip install celery-types,2023-08-06,2023,0.1.0,2021-02-08,2021,https://pypi.org/project/celery-types/,
ax-platform,0.3.4,pip install ax-platform,2023-08-11,2023,0.0.0,2019-04-29,2019,https://pypi.org/project/ax-platform/,
opencv-contrib-python-headless,4.8.0.76,pip install opencv-contrib-python-headless,2023-08-09,2023,3.4.0.14,2018-05-15,2018,https://pypi.org/project/opencv-contrib-python-headless/,
datadog-checks-base,33.0.0,pip install datadog-checks-base,2023-08-18,2023,1.2.2,2018-05-14,2018,https://pypi.org/project/datadog-checks-base/,
sphinx-gallery,0.14.0,pip install sphinx-gallery,2023-08-18,2023,0.0.4,2015-01-18,2015,https://pypi.org/project/sphinx-gallery/,
mkdocs-macros-plugin,1.0.4,pip install mkdocs-macros-plugin,2023-08-07,2023,0.1.1,2018-09-11,2018,https://pypi.org/project/mkdocs-macros-plugin/,
recordclass,0.2,pip install recordclass,2023-08-04,2023,0.3,2015-03-27,2015,https://pypi.org/project/recordclass/,
stable-baselines3,2.1.0,pip install stable-baselines3,2023-08-17,2023,0.6.0a1,2020-05-07,2020,https://pypi.org/project/stable-baselines3/,
aws-cdk.aws-apigatewayv2-integrations-alpha,2.92.0a0,pip install aws-cdk.aws-apigatewayv2-integrations-alpha,2023-08-15,2023,2.0.0a1,2021-10-21,2021,https://pypi.org/project/aws-cdk.aws-apigatewayv2-integrations-alpha/,
wagtail,5.1.1,pip install wagtail,2023-08-14,2023,0.1,2014-02-07,2014,https://pypi.org/project/wagtail/,
Willow,1.6.1,pip install Willow,2023-08-04,2023,0.1,2014-11-10,2014,https://pypi.org/project/Willow/,
fiddler-client,1.8.3,pip install fiddler-client,2023-08-01,2023,0.1,2019-03-22,2019,https://pypi.org/project/fiddler-client/,
lameenc,1.6.1,pip install lameenc,2023-08-12,2023,0.0.1,2022-01-31,2022,https://pypi.org/project/lameenc/,
huaweicloudsdkcore,3.1.55,pip install huaweicloudsdkcore,2023-08-21,2023,3.0.2b0,2020-05-18,2020,https://pypi.org/project/huaweicloudsdkcore/,
mypy-boto3-kms,1.28.16,pip install mypy-boto3-kms,2023-08-01,2023,0.1.6,2019-11-09,2019,https://pypi.org/project/mypy-boto3-kms/,
mypy-boto3-apigateway,1.28.16,pip install mypy-boto3-apigateway,2023-08-01,2023,0.1.5,2019-11-09,2019,https://pypi.org/project/mypy-boto3-apigateway/,
apache-libcloud,3.8.0,pip install apache-libcloud,2023-08-10,2023,0.3.1,2010-05-11,2010,https://pypi.org/project/apache-libcloud/,
pyarmor,8.3.4,pip install pyarmor,2023-08-21,2023,1.7.0,2013-10-31,2013,https://pypi.org/project/pyarmor/,
expecttest,0.1.6,pip install expecttest,2023-08-01,2023,0.1.0,2021-06-23,2021,https://pypi.org/project/expecttest/,
check-jsonschema,0.24.1,pip install check-jsonschema,2023-08-10,2023,0.1.0,2021-01-08,2021,https://pypi.org/project/check-jsonschema/,
types-openpyxl,3.1.0.17,pip install types-openpyxl,2023-08-15,2023,3.0.0,2022-03-07,2022,https://pypi.org/project/types-openpyxl/,
impacket,0.11.0,pip install impacket,2023-08-03,2023,0.9.10,2013-05-10,2013,https://pypi.org/project/impacket/,
google-cloud-dialogflow-cx,1.26.0,pip install google-cloud-dialogflow-cx,2023-08-10,2023,0.1.0,2020-08-24,2020,https://pypi.org/project/google-cloud-dialogflow-cx/,
cx-Freeze,6.15.5,pip install cx-Freeze,2023-08-01,2023,4.3.4,2014-12-26,2014,https://pypi.org/project/cx-Freeze/,
ml-metadata,1.14.0,pip install ml-metadata,2023-08-10,2023,0.12.0.dev0,2019-01-28,2019,https://pypi.org/project/ml-metadata/,
cibuildwheel,2.15.0,pip install cibuildwheel,2023-08-08,2023,0.1.0,2017-03-19,2017,https://pypi.org/project/cibuildwheel/,
clvm-tools-rs,0.1.35,pip install clvm-tools-rs,2023-08-08,2023,0.1.0,2022-01-19,2022,https://pypi.org/project/clvm-tools-rs/,
storage3,0.5.4,pip install storage3,2023-08-04,2023,0.1.0,2021-12-25,2021,https://pypi.org/project/storage3/,
python-lokalise-api,2.1.2,pip install python-lokalise-api,2023-08-09,2023,0.1.0,2020-06-30,2020,https://pypi.org/project/python-lokalise-api/,
mo-future,7.428.23214,pip install mo-future,2023-08-02,2023,1.0.17328,2017-11-24,2017,https://pypi.org/project/mo-future/,
supabase,1.0.4,pip install supabase,2023-08-04,2023,0.0.3,2021-10-04,2021,https://pypi.org/project/supabase/,
ml-wrappers,0.5.0,pip install ml-wrappers,2023-08-16,2023,0.0.1,2021-12-27,2021,https://pypi.org/project/ml-wrappers/,
openapi-python-client,0.15.1,pip install openapi-python-client,2023-08-12,2023,0.1.0.dev0,2020-02-28,2020,https://pypi.org/project/openapi-python-client/,
oci-cli,3.31.0,pip install oci-cli,2023-08-15,2023,0.0.1,2017-09-08,2017,https://pypi.org/project/oci-cli/,
apache-airflow-providers-neo4j,3.3.2,pip install apache-airflow-providers-neo4j,2023-08-01,2023,1.0.0rc1,2021-02-04,2021,https://pypi.org/project/apache-airflow-providers-neo4j/,
dash-enterprise-auth,0.1.1,pip install dash-enterprise-auth,2023-08-03,2023,0.0.1,2019-01-16,2019,https://pypi.org/project/dash-enterprise-auth/,
dxpy,0.355.0,pip install dxpy,2023-08-16,2023,v0.35.4-1-g738e9ca,2013-01-31,2013,https://pypi.org/project/dxpy/,
mypy-boto3-sagemaker,1.28.27,pip install mypy-boto3-sagemaker,2023-08-15,2023,0.1.6,2019-11-09,2019,https://pypi.org/project/mypy-boto3-sagemaker/,
huaweicloudsdkdns,3.1.55,pip install huaweicloudsdkdns,2023-08-21,2023,3.0.32rc0,2021-01-30,2021,https://pypi.org/project/huaweicloudsdkdns/,
roboflow,1.1.3,pip install roboflow,2023-08-16,2023,0.0.1,2020-05-01,2020,https://pypi.org/project/roboflow/,
pycln,2.2.2,pip install pycln,2023-08-10,2023,0.0.1a0,2020-10-02,2020,https://pypi.org/project/pycln/,
pronto,2.5.5,pip install pronto,2023-08-17,2023,0.1.0,2016-07-01,2016,https://pypi.org/project/pronto/,
cdktf,0.18.0,pip install cdktf,2023-08-17,2023,0.0.3,2020-05-11,2020,https://pypi.org/project/cdktf/,
mypy-boto3-ses,1.28.25,pip install mypy-boto3-ses,2023-08-11,2023,0.1.6,2019-11-09,2019,https://pypi.org/project/mypy-boto3-ses/,
imodels,1.3.18,pip install imodels,2023-08-01,2023,0.2.3,2020-09-20,2020,https://pypi.org/project/imodels/,
UnleashClient,5.8.0,pip install UnleashClient,2023-08-04,2023,0.1.0,2018-10-12,2018,https://pypi.org/project/UnleashClient/,
drf-spectacular-sidecar,2023.8.1,pip install drf-spectacular-sidecar,2023-08-01,2023,2021.9.25,2021-09-24,2021,https://pypi.org/project/drf-spectacular-sidecar/,
plivo,4.40.0,pip install plivo,2023-08-08,2023,0.2.5,2014-02-15,2014,https://pypi.org/project/plivo/,
FLAML,2.0.0,pip install FLAML,2023-08-15,2023,0.1.0,2020-12-04,2020,https://pypi.org/project/FLAML/,
sparse-dot-topn,0.3.6,pip install sparse-dot-topn,2023-08-08,2023,0.2,2018-11-14,2018,https://pypi.org/project/sparse-dot-topn/,
kserve,0.11.0,pip install kserve,2023-08-07,2023,0.7.0rc0,2021-09-04,2021,https://pypi.org/project/kserve/,
devtools,0.12.1,pip install devtools,2023-08-17,2023,0.0.1,2017-08-21,2017,https://pypi.org/project/devtools/,
aqtinstall,3.1.7,pip install aqtinstall,2023-08-01,2023,0.2.0,2019-03-07,2019,https://pypi.org/project/aqtinstall/,
rasa,3.6.5,pip install rasa,2023-08-17,2023,0.0.1,2015-04-28,2015,https://pypi.org/project/rasa/,
openlineage-airflow,1.0.0,pip install openlineage-airflow,2023-08-01,2023,0.1.0rc5,2021-08-13,2021,https://pypi.org/project/openlineage-airflow/,
drf-extra-fields,3.7.0,pip install drf-extra-fields,2023-08-08,2023,3.0.2,2020-09-22,2020,https://pypi.org/project/drf-extra-fields/,
discord-webhook,1.3.0,pip install discord-webhook,2023-08-14,2023,0.1.0,2018-08-19,2018,https://pypi.org/project/discord-webhook/,
yagooglesearch,1.8.1,pip install yagooglesearch,2023-08-21,2023,1.0.0,2021-08-30,2021,https://pypi.org/project/yagooglesearch/,
apache-airflow-providers-apache-druid,3.5.0,pip install apache-airflow-providers-apache-druid,2023-08-14,2023,1.0.0b1,2020-11-09,2020,https://pypi.org/project/apache-airflow-providers-apache-druid/,
ytmusicapi,1.2.0,pip install ytmusicapi,2023-08-20,2023,0.4.1,2020-02-29,2020,https://pypi.org/project/ytmusicapi/,
mypy-boto3-batch,1.28.17,pip install mypy-boto3-batch,2023-08-01,2023,0.1.5,2019-11-09,2019,https://pypi.org/project/mypy-boto3-batch/,
robotframework-browser,17.3.0,pip install robotframework-browser,2023-08-20,2023,0.0.1,2020-06-18,2020,https://pypi.org/project/robotframework-browser/,
mo-imports,7.428.23214,pip install mo-imports,2023-08-02,2023,3.86.20207,2020-07-25,2020,https://pypi.org/project/mo-imports/,
mo-dots,9.428.23214,pip install mo-dots,2023-08-02,2023,1.2.17035,2017-02-03,2017,https://pypi.org/project/mo-dots/,
whylogs,1.3.0,pip install whylogs,2023-08-15,2023,0.0.1.dev101,2022-03-25,2022,https://pypi.org/project/whylogs/,
supafunc,0.2.3,pip install supafunc,2023-08-04,2023,0.1.0,2022-03-31,2022,https://pypi.org/project/supafunc/,
anyscale,0.5.137,pip install anyscale,2023-08-16,2023,0.0.1,2019-09-15,2019,https://pypi.org/project/anyscale/,
razorpay,1.4.1,pip install razorpay,2023-08-03,2023,0.1.0a0,2015-11-18,2015,https://pypi.org/project/razorpay/,
comet-ml,3.33.8,pip install comet-ml,2023-08-04,2023,0.1.12,2017-09-14,2017,https://pypi.org/project/comet-ml/,
mypy-boto3,1.28.30,pip install mypy-boto3,2023-08-18,2023,0.1.0,2019-11-08,2019,https://pypi.org/project/mypy-boto3/,
construct-typing,0.6.2,pip install construct-typing,2023-08-03,2023,0.1.0,2021-01-03,2021,https://pypi.org/project/construct-typing/,
xsdata,23.8,pip install xsdata,2023-08-12,2023,20.1,2020-01-07,2020,https://pypi.org/project/xsdata/,
pulumi-command,0.8.1,pip install pulumi-command,2023-08-01,2023,0.0.1a1639521690,2021-12-14,2021,https://pypi.org/project/pulumi-command/,
xenon,0.9.1,pip install xenon,2023-08-12,2023,0.1,2014-02-16,2014,https://pypi.org/project/xenon/,
dbt-artifacts-parser,0.4.2,pip install dbt-artifacts-parser,2023-08-17,2023,0.1.0,2022-03-01,2022,https://pypi.org/project/dbt-artifacts-parser/,
mkdocs-minify-plugin,0.7.1,pip install mkdocs-minify-plugin,2023-08-01,2023,0.1.0,2018-12-19,2018,https://pypi.org/project/mkdocs-minify-plugin/,
boto3-stubs-lite,1.28.30,pip install boto3-stubs-lite,2023-08-18,2023,1.19.12,2022-03-31,2022,https://pypi.org/project/boto3-stubs-lite/,
databricks-automl-runtime,0.2.19,pip install databricks-automl-runtime,2023-08-17,2023,0.1.0,2021-08-27,2021,https://pypi.org/project/databricks-automl-runtime/,
mozrunner,8.3.0,pip install mozrunner,2023-08-04,2023,0.1,2008-05-06,2008,https://pypi.org/project/mozrunner/,
aws-lambda-typing,2.18.0,pip install aws-lambda-typing,2023-08-21,2023,0.0.1,2021-01-04,2021,https://pypi.org/project/aws-lambda-typing/,
fiftyone-brain,0.13.1,pip install fiftyone-brain,2023-08-04,2023,0.1.0,2021-01-20,2021,https://pypi.org/project/fiftyone-brain/,
mypy-boto3-xray,1.28.16,pip install mypy-boto3-xray,2023-08-01,2023,0.1.6,2019-11-09,2019,https://pypi.org/project/mypy-boto3-xray/,
ggshield,1.18.0,pip install ggshield,2023-08-16,2023,1.0.0,2020-06-23,2020,https://pypi.org/project/ggshield/,
cohere,4.20.2,pip install cohere,2023-08-17,2023,0.0.1,2021-01-20,2021,https://pypi.org/project/cohere/,
mimesis,11.1.0,pip install mimesis,2023-08-19,2023,0.0.2,2017-07-15,2017,https://pypi.org/project/mimesis/,
cyberdrop-dl,4.2.186,pip install cyberdrop-dl,2023-08-14,2023,2.7.0,2022-03-25,2022,https://pypi.org/project/cyberdrop-dl/,
mypy-boto3-schemas,1.28.16,pip install mypy-boto3-schemas,2023-08-01,2023,1.10.33,2019-12-05,2019,https://pypi.org/project/mypy-boto3-schemas/,
voxel51-eta,0.11.0,pip install voxel51-eta,2023-08-01,2023,0.1.0,2021-01-07,2021,https://pypi.org/project/voxel51-eta/,
mypy-boto3-signer,1.28.16,pip install mypy-boto3-signer,2023-08-01,2023,0.1.6,2019-11-09,2019,https://pypi.org/project/mypy-boto3-signer/,
dagster-slack,0.20.7,pip install dagster-slack,2023-08-18,2023,0.4.3rc1,2019-05-08,2019,https://pypi.org/project/dagster-slack/,
pyangbind,0.8.3.post1,pip install pyangbind,2023-08-15,2023,0.2.0,2016-01-11,2016,https://pypi.org/project/pyangbind/,
twisted-iocpsupport,1.0.4,pip install twisted-iocpsupport,2023-08-10,2023,0.0.0rc0.dev0,2020-10-14,2020,https://pypi.org/project/twisted-iocpsupport/,
amazon-kclpy,2.1.3,pip install amazon-kclpy,2023-08-08,2023,1.0.0,2014-10-22,2014,https://pypi.org/project/amazon-kclpy/,
Avalara,23.8.1,pip install Avalara,2023-08-14,2023,18.2.0,2018-03-20,2018,https://pypi.org/project/Avalara/,
pygitguardian,1.9.0,pip install pygitguardian,2023-08-10,2023,1.0.3,2020-05-28,2020,https://pypi.org/project/pygitguardian/,
django-graphql-jwt,0.4.0,pip install django-graphql-jwt,2023-08-04,2023,0.0.1,2017-11-06,2017,https://pypi.org/project/django-graphql-jwt/,
eyes-selenium,5.20.4,pip install eyes-selenium,2023-08-18,2023,1,2014-01-01,2014,https://pypi.org/project/eyes-selenium/,
opennsfw2,0.11.0,pip install opennsfw2,2023-08-05,2023,0.1.1,2021-11-05,2021,https://pypi.org/project/opennsfw2/,
pybedtools,0.9.1,pip install pybedtools,2023-08-13,2023,0.2.2dev,2011-01-28,2011,https://pypi.org/project/pybedtools/,
fiftyone,0.21.6,pip install fiftyone,2023-08-08,2023,0.1.0,2020-12-21,2020,https://pypi.org/project/fiftyone/,
mypy-boto3-cloudwatch,1.28.28,pip install mypy-boto3-cloudwatch,2023-08-16,2023,0.1.6,2019-11-09,2019,https://pypi.org/project/mypy-boto3-cloudwatch/,
edge-tts,6.1.8,pip install edge-tts,2023-08-12,2023,2.2.2,2021-08-19,2021,https://pypi.org/project/edge-tts/,
dagster-datadog,0.20.7,pip install dagster-datadog,2023-08-18,2023,0.4.3rc1,2019-05-08,2019,https://pypi.org/project/dagster-datadog/,
dagster-pyspark,0.20.7,pip install dagster-pyspark,2023-08-18,2023,0.4.3rc1,2019-05-08,2019,https://pypi.org/project/dagster-pyspark/,
pyartifactory,1.13.0,pip install pyartifactory,2023-08-06,2023,1.0.1,2019-07-19,2019,https://pypi.org/project/pyartifactory/,
mypy-boto3-ecs,1.28.20,pip install mypy-boto3-ecs,2023-08-04,2023,0.1.6,2019-11-09,2019,https://pypi.org/project/mypy-boto3-ecs/,
dataclasses-avroschema,0.46.2,pip install dataclasses-avroschema,2023-08-15,2023,0.1.0,2019-08-29,2019,https://pypi.org/project/dataclasses-avroschema/,
emmet-core,0.64.6,pip install emmet-core,2023-08-18,2023,0.1.1a0,2020-04-19,2020,https://pypi.org/project/emmet-core/,
bentoml,1.1.1,pip install bentoml,2023-08-01,2023,0.0.1,2019-01-15,2019,https://pypi.org/project/bentoml/,
mypy-boto3-logs,1.28.16,pip install mypy-boto3-logs,2023-08-01,2023,0.1.6,2019-11-09,2019,https://pypi.org/project/mypy-boto3-logs/,
sqlakeyset,2.0.1691149549,pip install sqlakeyset,2023-08-04,2023,0.1.1472125695,2016-08-25,2016,https://pypi.org/project/sqlakeyset/,
mkdocs-awesome-pages-plugin,2.9.2,pip install mkdocs-awesome-pages-plugin,2023-08-19,2023,1.0.0,2018-02-07,2018,https://pypi.org/project/mkdocs-awesome-pages-plugin/,
blacken-docs,1.16.0,pip install blacken-docs,2023-08-16,2023,0.1.0,2018-06-03,2018,https://pypi.org/project/blacken-docs/,
rockset,2.1.0,pip install rockset,2023-08-14,2023,0.3.0a20180403013726,2018-04-03,2018,https://pypi.org/project/rockset/,
crowdstrike-falconpy,1.3.0,pip install crowdstrike-falconpy,2023-08-15,2023,0.1.2,2020-12-05,2020,https://pypi.org/project/crowdstrike-falconpy/,
mypy-boto3-sns,1.28.16,pip install mypy-boto3-sns,2023-08-01,2023,0.1.6,2019-11-09,2019,https://pypi.org/project/mypy-boto3-sns/,
